,best_itr,best_fval,best_solution,total_qaoa,total_impact,total_exe,execution_times,final_test_suite_costs,final_failure_rates
0,10,0.1432881845044049,"[0, 0, 0, 0, 0, 0, 0, 0, 1, 0, 0, 1, 1, 1, 0, 0, 0, 0, 1, 1, 1, 0, 0, 0, 1, 0, 1, 0, 1, 0, 0, 0, 0, 0, 0, 0, 0, 0, 0, 0, 0, 0, 0, 1, 0, 1, 0, 0, 0, 0, 0, 0, 0, 0, 0, 0, 0, 0, 1, 1, 1, 0, 1, 0, 1, 0, 1, 1, 0, 1, 1, 0, 1, 0, 1, 1, 1, 1, 1, 1, 1, 0, 0, 0, 1, 0, 1, 0, 0]",159.55708479881287,0.007039070129394531,159.62754464149475,"[19.952641487121582, 16.285038709640503, 15.244256734848022, 14.583458662033081, 15.335611343383789, 15.010958194732666, 15.97739577293396, 14.627710342407227, 16.894585371017456, 15.652467250823975]","[np.float64(1084493.0), np.float64(1103224.0), np.float64(876245.0), np.float64(770505.0), np.float64(668947.0), np.float64(625814.0), np.float64(606141.0), np.float64(794119.0), np.float64(749241.0), np.float64(684549.0)]","[np.float64(9.242973550982235), np.float64(10.720111134934747), np.float64(9.851384438285699), np.float64(9.337511639759867), np.float64(9.043212383703427), np.float64(9.006886507236526), np.float64(9.116793220471413), np.float64(10.8700637954192), np.float64(10.591582782760973), np.float64(10.024383388157277)]"
