,best_itr,best_fval,best_solution,total_qaoa,total_impact,total_exe,execution_times,final_test_suite_costs,final_failure_rates
0,10,0.1087098630855481,"[0, 1, 0, 0, 0, 0, 0, 0, 0, 0, 0, 1, 0, 1, 0, 1, 0, 0, 1, 1, 0, 0, 0, 0, 0, 0, 1, 0, 1, 0, 0, 1, 0, 0, 0, 0, 0, 1, 0, 1, 0, 0, 0, 1, 1, 0, 0, 0, 0, 0, 0, 0, 0, 0, 1, 0, 0, 0, 0, 1, 0, 0, 1, 0, 1, 0, 0, 1, 0, 1, 1, 0, 0, 0, 1, 1, 0, 1, 1, 1, 1, 0, 0, 0, 1, 0, 0, 0, 0]",189.3058021068573,0.0031232833862304688,189.3658525943756,"[19.294286489486694, 20.15146565437317, 16.69958758354187, 20.565144300460815, 17.927074432373047, 19.219180583953857, 17.15824556350708, 21.023709774017334, 17.985480785369873, 19.28475022315979]","[1214133.0, 1044067.0, 876413.0, 670889.0, 520197.0, 477427.0, 431593.0, 376289.0, 591349.0, 448105.0]","[9.882336624076219, 8.875814999298463, 8.190448869220102, 7.224982580110524, 7.067213080530176, 7.71871809046475, 7.9885732081326415, 7.599241256871853, 9.577535292932879, 8.366476447950493]"
