,best_itr,best_fval,best_solution,total_qaoa,total_impact,total_exe,execution_times,final_test_suite_costs,final_failure_rates
0,9,0.14079906978313073,"[0, 0, 0, 0, 0, 0, 0, 0, 0, 0, 0, 1, 1, 1, 0, 0, 0, 0, 1, 1, 0, 0, 0, 0, 1, 0, 1, 0, 1, 0, 0, 1, 0, 0, 0, 0, 0, 0, 0, 0, 0, 0, 0, 0, 0, 0, 0, 1, 0, 0, 0, 0, 0, 0, 1, 0, 0, 0, 0, 1, 1, 1, 1, 0, 1, 0, 0, 1, 0, 1, 1, 0, 0, 0, 1, 1, 1, 1, 1, 1, 1, 0, 1, 0, 1, 0, 1, 0, 0]",12.77379298210144,0.0,12.821843147277832,"[1.2695870399475098, 1.2609329223632812, 1.2642931938171387, 1.263230562210083, 1.258681297302246, 1.2800819873809814, 1.273414134979248, 1.2994508743286133, 1.2971460819244385, 1.3069748878479004]","[1047501.0, 820820.0, 779917.0, 664778.0, 681650.0, 660007.0, 644948.0, 649040.0, 644470.0, 644470.0]","[10.560063778097874, 9.549571796940558, 10.16679105863928, 9.56413144189608, 10.113020330784968, 9.914095599602172, 9.724012954974075, 9.90628395733758, 9.755581143592206, 9.755581143592206]"
