{"gsdtsr": {"0": {"5": -0.22885950316067402, "28": -0.008427182887385257, "55": 0.021090944642845545, "43": 0.0, "58": 0.0, "54": 0.017435171849015135, "41": 0.0, "14": -0.08087985320881685, "9": -0.07958360220571539, "34": 0.0, "19": 0.011822902625252145, "46": 0.04297824693009973, "53": 0.0, "35": 0.0, "39": 0.0, "56": 0.0, "44": 0.0, "33": 0.0, "38": 0.0, "31": 0.0015500646391718217, "7": -0.09281079135029172, "4": -0.46902344722128236, "11": -0.1013337241326438, "37": 0.0, "15": -0.026676522084617994, "36": 0.0, "8": -0.2789125600890998, "12": -0.13474963894881636, "29": -0.01783006360575965, "49": -0.00953567626848371, "17": 0.01147919590994585, "45": 0.07942512302436844, "6": -0.16677592679557482, "10": -0.032889463960765794, "16": 0.0, "59": 0.0, "18": 0.00551609963188596, "48": -0.026842983498912818, "60": 0.0, "47": 0.0, "22": -0.0078060546816567395, "40": 0.0, "32": 0.010445890808999814, "13": -0.03493656763008406, "2": -0.5046608353145567, "50": -0.03901681828071944, "42": 0.0, "57": 0.0, "52": 0.0, "51": -0.03093689924414308, "1": -1.0557110148340985, "3": -0.6237780718318612, "61": 0.008116330125242951, "62": 0.011268295983971506, "63": 0.007729224317412589, "64": 0.0, "65": 0.03113112846299891, "66": -0.006071347134290035, "67": -0.0056830636600754035, "68": -0.004244697755961741, "69": -0.01246802710097938, "70": -0.0031954274488004307, "71": -0.011817316913366805, "72": -0.003675166913199965, "73": -0.009931972569008848, "74": -0.0040128260754195, "75": 0.0006539953648995764, "76": 0.0020749503849697183, "77": 0.0037197804836277856, "78": 0.0037169578144210192, "79": 0.011355602007471426, "80": 0.019159687521581245, "81": 0.012254791689582345, "82": -0.0005875950104375514, "83": 0.0024027503173917235, "84": 0.0010188366246559268, "85": 0.009553551782702731, "86": 0.019006431849309995, "87": 0.00869082745531484}, "1": {"5": -0.22885950316067402, "28": -0.008427182887385257, "55": 0.0, "43": 0.0, "58": 0.0, "54": 0.044802856958042495, "41": 0.0, "14": -0.08087985320881685, "9": -0.06238932886411251, "34": 0.0, "19": 0.00960173250402869, "46": 0.0, "53": 0.028428300067404717, "35": 0.0, "39": 0.0, "56": 0.0, "44": 0.0, "33": 0.0, "38": 0.0, "31": 0.0016452499681833795, "7": -0.09281079135029172, "4": -0.46902344722128236, "11": -0.07901294527930722, "37": 0.0, "15": -0.026676522084617994, "36": 0.0, "8": -0.34261656356573533, "12": -0.13474963894881636, "29": -0.01583329752668475, "49": -0.00953567626848371, "17": 0.013143670153723077, "45": 0.0, "6": -0.16677592679557482, "10": -0.032889463960765794, "16": -0.017318199176272635, "59": 0.0, "18": 0.01618799162350225, "48": -0.026842983498912818, "60": 0.0, "47": 0.0, "22": 0.0, "40": 0.0, "32": 0.009540922844011257, "13": -0.03493656763008406, "2": -0.5046608353145567, "50": -0.03901681828071944, "42": 0.0, "57": 0.0, "52": -0.01657674974506233, "51": -0.03093689924414308, "1": -1.0557110148340985, "3": -0.6237780718318612, "61": 0.006437874046641822, "62": 0.010710089692884206, "63": 0.005470710353794112, "64": 0.009681892776240458, "65": 0.0, "66": -0.00201415818420018, "67": -0.006446002384020705, "68": -0.00591031837054639, "69": -0.011131322133623701, "70": -0.004735528326739947, "71": -0.011830619838589596, "72": -0.0030351048729578838, "73": -0.0059136421576233165, "74": -0.0027424655607726726, "75": 0.004757545204341716, "76": 0.006766498352118221, "77": 0.0, "78": 0.010293118087303363, "79": 0.011218207852680153, "80": 0.021711355606000574, "81": 0.013161355363221435, "82": 0.002705091296885979, "83": 0.0008184138526519459, "84": 0.0028863309791946055, "85": 0.009970437350654698, "86": 0.01885608716330613, "87": 0.017397280886180096}, "2": {"5": -0.22885950316067402, "28": -0.0035512275068844074, "55": 0.01887118765277008, "43": 0.0, "58": 0.0, "54": 0.0, "41": 0.0, "14": -0.08087985320881685, "9": -0.06074905052813754, "34": 0.0, "19": 0.011594320145072095, "46": 0.0, "53": 0.0, "35": 0.0, "39": 0.0, "56": 0.0, "44": 0.0, "33": 0.0, "38": 0.0, "31": 0.004201365740779486, "7": -0.09281079135029172, "4": -0.46902344722128236, "11": -0.0718381819272068, "37": 0.0, "15": -0.026676522084617994, "36": 0.0, "8": -0.34261656356573533, "12": -0.13474963894881636, "29": -0.01583329752668475, "49": -0.006228109532430689, "17": 0.014101418462410923, "45": 0.0, "6": -0.16677592679557482, "10": -0.032889463960765794, "16": -0.017318199176272635, "59": 0.0, "18": 0.015509433530592526, "48": -0.026842983498912818, "60": 0.0, "47": 0.0, "22": -0.00548634713620506, "40": 0.0, "32": 0.004756981452975308, "13": -0.03493656763008406, "2": -0.5046608353145567, "50": -0.03901681828071944, "42": 0.0, "57": 0.0, "52": -0.01657674974506233, "51": -0.03093689924414308, "1": -1.0557110148340985, "3": -0.6237780718318612, "61": 0.009230314798580238, "62": 0.007185004883961588, "63": 0.011860013387356398, "64": 0.0105049234357026, "65": 0.012394046189987348, "66": -0.0064127937049588135, "67": -0.006085211545559141, "68": -0.002282443779426759, "69": -0.010558539873608453, "70": -0.007157044702010392, "71": -0.011753288958946072, "72": -0.004412358010214654, "73": -0.010798900768165306, "74": -0.0026784284008131093, "75": 0.005425961503309653, "76": 0.004568781232398799, "77": 0.006948066170631276, "78": 0.0009193738415427342, "79": 0.0, "80": 0.025528841702572285, "81": 0.005773119121889419, "82": 0.0023134596088408657, "83": 0.001559422101316191, "84": 0.0016461635013918156, "85": 0.019604437116706404, "86": 0.028400696113084562, "87": 0.0}, "3": {"5": -0.22885950316067402, "28": -0.004875955380500851, "55": 0.04356549003765283, "43": 0.0, "58": 0.027306202014279583, "54": 0.0, "41": 0.0, "14": -0.08087985320881685, "9": -0.07958360220571539, "34": 0.0, "19": 0.022042930618846164, "46": 0.0, "53": 0.0, "35": 0.0, "39": 0.0, "56": 0.0, "44": 0.0, "33": 0.0, "38": 0.0, "31": 0.001975950511062966, "7": -0.09281079135029172, "4": -0.46902344722128236, "11": -0.1013337241326438, "37": 0.0, "15": -0.026676522084617994, "36": 0.0, "8": -0.34261656356573533, "12": -0.13474963894881636, "29": -0.012001063449830533, "49": -0.006228109532430689, "17": 0.0, "45": 0.0, "6": -0.16677592679557482, "10": -0.032889463960765794, "16": -0.017318199176272635, "59": 0.0, "18": 0.00551609963188596, "48": -0.026842983498912818, "60": 0.0, "47": 0.0, "22": -0.0132924018178618, "40": 0.0, "32": 0.011464556998467958, "13": -0.03493656763008406, "2": -0.5046608353145567, "50": -0.03901681828071944, "42": 0.0, "57": 0.0, "52": -0.01657674974506233, "51": -0.03093689924414308, "1": -1.0557110148340985, "3": -0.6237780718318612, "61": 0.009983947252625747, "62": 0.010920893344678377, "63": 0.011860013387356398, "64": 0.009782186360638616, "65": 0.0, "66": -0.005658471283043368, "67": -0.00875865325475492, "68": -0.005928211084044687, "69": -0.010525176764206681, "70": -0.010091192910432818, "71": -0.008938710801240774, "72": -0.004416235092712025, "73": -0.00402246041298268, "74": -0.0020173931907722393, "75": 0.0032521247410147174, "76": 0.006012729166480951, "77": 0.005576365260823672, "78": 0.006035117448471035, "79": 0.0, "80": 0.006065197471179863, "81": 0.0064816725676929265, "82": 0.0021708128353079958, "83": 0.0012795972034410266, "84": 0.0019365706745521675, "85": 0.029823882925106363, "86": 0.009544608949778433, "87": 0.00869082745531484}, "4": {"5": -0.22885950316067402, "28": 0.0, "55": 0.021090944642845545, "43": 0.0, "58": 0.0, "54": 0.0, "41": 0.0, "14": -0.08087985320881685, "9": -0.07958360220571539, "34": 0.0, "19": 0.06404213519808792, "46": 0.0, "53": 0.0, "35": 0.0, "39": 0.0, "56": 0.0, "44": 0.0, "33": 0.0, "38": 0.0, "31": 0.0016452499681833795, "7": -0.09281079135029172, "4": -0.46902344722128236, "11": -0.07464549697691589, "37": 0.0, "15": -0.026676522084617994, "36": 0.0, "8": -0.34261656356573533, "12": -0.13474963894881636, "29": -0.012001063449830533, "49": -0.006228109532430689, "17": 0.050145517244411936, "45": 0.0, "6": -0.16677592679557482, "10": -0.014527697879845857, "16": -0.017318199176272635,