{
  "paintcontrol": {
    "0": {
      "4": 0.0,
      "6": -0.09205800954201962,
      "8": -0.011544626831918176,
      "16": 0.0,
      "14": -0.10796058288883605,
      "3": 0.0,
      "12": -0.21079571317960233,
      "15": 0.0,
      "11": 0.0,
      "13": 0.004003613845907583,
      "17": 0.0,
      "18": 0.015662490933445395,
      "19": -0.08935122862505918,
      "20": -0.04183233649474283,
      "21": 0.0,
      "22": 0.02702029946109514,
      "23": -0.05656743694954441,
      "24": -0.07260717098562433,
      "25": -0.07471040948236199,
      "26": 0.05374389345430661,
      "27": 0.006250333081554926,
      "28": 0.020659058367944988,
      "29": -0.14730502274297508,
      "30": -0.11224863726291823
    },
    "1": {
      "4": 0.0,
      "6": -0.09205800954201962,
      "8": -0.011544626831918176,
      "16": 0.0,
      "14": -0.10796058288883605,
      "3": 0.0,
      "12": -0.21079571317960233,
      "15": 0.0,
      "11": 0.0,
      "13": 0.0,
      "17": 0.01651941191584589,
      "18": 0.015662490933445395,
      "19": -0.09074422163412446,
      "20": -0.04026485286847377,
      "21": 0.0373586885631929,
      "22": 0.03153788741891571,
      "23": -0.033214461727818265,
      "24": -0.08938408629707274,
      "25": 0.0,
      "26": 0.0,
      "27": 0.0015426709406798494,
      "28": 0.0,
      "29": -0.18135626414650008,
      "30": -0.11224863726291823
    },
    "2": {
      "4": 0.05095610053304261,
      "6": -0.09205800954201962,
      "8": -0.011544626831918176,
      "16": 0.0,
      "14": -0.10796058288883605,
      "3": 0.0,
      "12": -0.21079571317960233,
      "15": 0.0,
      "11": 0.0,
      "13": 0.004003613845907583,
      "17": 0.008832780893057217,
      "18": 0.06939163477896815,
      "19": -0.046556153735310676,
      "20": 0.0,
      "21": 0.041190634552211086,
      "22": 0.0,
      "23": -0.03443796609777388,
      "24": -0.10376943185962989,
      "25": -0.07471040948236199,
      "26": 0.02640945456880924,
      "27": 0.04088265951463286,
      "28": 0.0,
      "29": -0.18135626414650008,
      "30": -0.11224863726291823
    },
    "3": {
      "4": 0.0,
      "6": -0.046447354370143454,
      "8": -0.011544626831918176,
      "16": 0.0,
      "14": -0.10796058288883605,
      "3": 0.0,
      "12": -0.21079571317960233,
      "15": 0.0,
      "11": 0.0,
      "13": 0.0,
      "17": 0.025753559701288026,
      "18": 0.0,
      "19": -0.07274265477503991,
      "20": -0.03139182638678542,
      "21": 0.0,
      "22": 0.04593497149801304,
      "23": -0.03437192808869214,
      "24": -0.09651421161501351,
      "25": -0.04687790733158472,
      "26": 0.0,
      "27": 0.0015426709406798494,
      "28": 0.014371359253421215,
      "29": -0.18135626414650008,
      "30": -0.11224863726291823
    },
    "4": {
      "4": 0.0,
      "6": -0.09205800954201962,
      "8": -0.011544626831918176,
      "16": 0.0,
      "14": -0.10796058288883605,
      "3": 0.028869125690033325,
      "12": -0.21079571317960233,
      "15": 0.0,
      "11": 0.0,
      "13": 0.0,
      "17": 0.06779432437726407,
      "18": 0.035101029071904294,
      "19": -0.07134966176597463,
      "20": -0.04843550155790531,
      "21": 0.0,
      "22": 0.03153788741891571,
      "23": -0.02983252538758633,
      "24": -0.10376943185962989,
      "25": -0.07471040948236199,
      "26": -0.005463516219352434,
      "27": 0.007793004022234776,
      "28": 0.044421460102333346,
      "29": -0.18135626414650008,
      "30": -0.11224863726291823
    },
    "5": {
      "4": 0.0,
      "6": -0.09205800954201962,
      "8": -0.011544626831918176,
      "16": 0.0,
      "14": -0.10796058288883605,
      "3": 0.0,
      "12": -0.21079571317960233,
      "15": 0.0,
      "11": 0.0,
      "13": 0.004003613845907583,
      "17": 0.025753559701288026,
      "18": 0.04812552254222439,
      "19": -0.08935122862505918,
      "20": -0.04026485286847377,
      "21": 0.0,
      "22": 0.0,
      "23": -0.038265095226884614,
      "24": -0.07973729630356509,
      "25": -0.07471040948236199,
      "26": 0.0,
      "27": 0.006250333081554926,
      "28": 0.0,
      "29": -0.18135626414650008,
      "30": -0.11224863726291823
    },
    "6": {
      "4": 0.0,
      "6": -0.09205800954201962,
      "8": 0.0,
      "16": 0.0,
      "14": -0.10796058288883605,
      "3": 0.0,
      "12": -0.21079571317960233,
      "15": 0.0,
      "11": 0.0,
      "13": 0.0,
      "17": 0.06117704728463363,
      "18": 0.0,
      "19": -0.046024097591632784,
      "20": -0.005539337544730464,
      "21": 0.0,
      "22": 0.0,
      "23": -0.03060255159139376,
      "24": -0.09651421161501351,
      "25": -0.07471040948236199,
      "26": 0.0,
      "27": 0.0015426709406798494,
      "28": 0.0,
      "29": -0.14644955829806722,
      "30": -0.02351679393524856
    },
    "7": {
      "4": 0.0,
      "6": -0.09205800954201962,
      "8": -0.011544626831918176,
      "16": 0.0,
      "14": -0.10796058288883605,
      "3": 0.0,
      "12": -0.21079571317960233,
      "15": 0.0,
      "11": 0.0,
      "13": 0.0,
      "17": 0.0,
      "18": 0.015494304057837575,
      "19": -0.07274265477503991,
      "20": -0.04843550155790531,
      "21": 0.0,
      "22": 0.05855818688001085,
      "23": -0.05318550060931247,
      "24": -0.1075777412423236,
      "25": -0.06527724497828646,
      "26": 0.008846453465879263,
      "27": 0.0,
      "28": 0.03813376098780957,
      "29": -0.14252482425850738,
      "30": -0.09002744370422776
    },
    "8": {
      "4": 0.0,
      "6": -0.09205800954201962,
      "8": -0.011544626831918176,
      "16": 0.0,
      "14": -0.10796058288883605,
      "3": 0.0,
      "12": -0.21079571317960233,
      "15": 0.01224352491742553,
      "11": 0.0,
      "13": 0.0,
      "17": 0.034354133653187374,
      "18": 0.023260706454994392,
      "19": -0.09074422163412446,
      "20": -0.05397483910263577,
      "21": 0.0,
      "22": 0.03153788741891571,
      "23": -0.05318550060931247,
      "24": -0.1075777412423236,
      "25": -0.07471040948236199,
      "26": 0.0046198583063067206,
      "27": 0.012528483003271168,
      "28": 0.020659058367944988,
      "29": -0.18135626414650008,
      "30": -0.11224863726291823
    },
    "9": {
      "4": 0.0,
      "6": -0.09205800954201962,
      "8": 0.0,
      "16": 0.0,
      "14": -0.10796058288883605,
      "3": 0.015003941025047172,
      "12": -0.21079571317960233,
      "15": 0.0,
      "11": 0.0,
      "13": 0.004003613845907583,
      "17": 0.01692077880823081,
      "18": 0.0,
      "19": -0.08935122862505918,
      "20": -0.04026485286847377,
      "21": 0.0373586885631929,
      "22": 0.0,
      "23": -0.05656743694954441,
      "24": -0.0616571688743771,
      "25": -0.06527724497828646,
      "26": 0.004226595159572542,
      "27": 0.0015426709406798494,
      "28": 0.019787523297831518,
      "29": -0.18135626414650008,
      "30": -0.11224863726291823
    }
  }
}