{"gsdtsr": {"0": {"5": -0.29955299381886735, "28": -0.008515799490323302, "55": 0.006582698841021259, "43": 0.0, "58": 0.00950735894738723, "54": 0.021516279256019368, "41": 0.0, "14": -0.12030659110142422, "9": -0.05948859208026041, "34": 0.0, "19": 0.00848906031462501, "46": 0.0, "53": 0.024845210957501966, "35": 0.0, "39": 0.0, "56": 0.036399816873094445, "44": 0.02156716310845977, "33": 0.0, "38": 0.0, "31": 0.0, "7": -0.1475677777253452, "4": -0.656092812137305, "11": -0.13024117019436954, "37": 0.0, "15": -0.041068344340277285, "36": -0.041420488844810324, "8": -0.44070177407505484, "12": -0.17462796800142674, "29": -0.03744162613626126, "49": -0.0467020289522204, "17": 0.022292553193606145, "45": 0.0, "6": -0.2133261913239968, "10": -0.04210629899754348, "16": -0.03158054818914993, "59": 0.0, "18": -0.016750553178834483, "48": -0.06035327100538322, "60": 0.0, "47": 0.0, "22": 0.0, "40": 0.0, "32": -0.004674129871962751, "13": -0.04658151587163578, "2": -0.662189507605671, "50": -0.0708089770362782, "42": 0.0, "57": 0.037246219726648676, "52": -0.043857370587050776, "51": -0.05844487677842856, "1": -1.351060086211676, "3": -0.7991019336855277, "61": 0.004281299194651918, "62": 0.0004709139266386086, "63": -0.003339867853971289, "64": 0.0066256517750511775, "65": 0.012014700065684962, "66": -0.009491876631561615, "67": -0.012805792282796272, "68": -0.009377160041917807, "69": -0.019760049782416137, "70": -0.007920654329098956, "71": -0.012678922650432104, "72": -0.00922738767961388, "73": -0.002706192471321263, "74": -0.0019892972844813965, "75": -2.9753199867430316e-05, "76": -0.0007052618751551721, "77": 0.0002148007504884056, "78": -0.015090574812235089, "79": -0.009570918742184218, "80": 0.008768917112910066, "81": 0.007319180225481763, "82": -0.00326154610307794, "83": -0.001169339911606552, "84": -0.004753276463174852, "85": 0.009596262000326492, "86": 0.01376963712457945, "87": 0.0}, "1": {"5": -0.29955299381886735, "28": -0.01741695897372942, "55": 0.03265679870633465, "43": 0.0, "58": 0.00950735894738723, "54": 0.025322591910950418, "41": 0.0, "14": -0.12030659110142422, "9": -0.11555749457014147, "34": 0.0, "19": 0.00940945072363087, "46": 0.020829378680747825, "53": 0.0, "35": 0.0, "39": 0.0, "56": 0.0, "44": 0.0445188692047106, "33": 0.0, "38": 0.0, "31": 0.0, "7": -0.1475677777253452, "4": -0.656092812137305, "11": -0.13024117019436954, "37": 0.0, "15": -0.041068344340277285, "36": -0.041420488844810324, "8": -0.44070177407505484, "12": -0.17462796800142674, "29": -0.03744162613626126, "49": -0.0467020289522204, "17": 0.027252510085644915, "45": 0.012353456197011075, "6": -0.2133261913239968, "10": -0.04210629899754348, "16": -0.03158054818914993, "59": 0.0, "18": -0.006468597482898308, "48": -0.06035327100538322, "60": 0.0, "47": 0.0, "22": -0.03439881495905195, "40": 0.0, "32": -0.006461311160076551, "13": -0.04658151587163578, "2": -0.662189507605671, "50": -0.0708089770362782, "42": 0.0, "57": 0.033644196872232496, "52": -0.043857370587050776, "51": -0.05844487677842856, "1": -1.351060086211676, "3": -0.7991019336855277, "61": -0.00033373439549643944, "62": 0.003441578618581514, "63": -0.0012128711392162955, "64": 0.0012330285381131545, "65": 0.00929035373505431, "66": -0.014130054936510273, "67": -0.008273363730587052, "68": -0.00824085963659452, "69": -0.018624995205051932, "70": -0.014197976366845716, "71": -0.012623555107496227, "72": -0.006184587995944554, "73": 0.0, "74": 0.0, "75": 8.63723509564188e-06, "76": -0.0012588330827412425, "77": -0.001966585055648805, "78": -0.006997081499343488, "79": -0.0057798399282697945, "80": 0.007032692646509957, "81": 0.008800542497812435, "82": -0.006259519290570212, "83": -0.0008451892330844969, "84": -0.0010344150552866044, "85": 0.014014014701448967, "86": 0.013485880375097849, "87": 0.012239184908885405}, "2": {"5": -0.29955299381886735, "28": -0.01741695897372942, "55": 0.017450697946878833, "43": 0.0, "58": 0.009766212168488317, "54": 0.02702018551613105, "41": 0.0, "14": -0.12030659110142422, "9": -0.11555749457014147, "34": 0.0, "19": 0.00506202631479152, "46": 0.0, "53": 0.0, "35": 0.0, "39": 0.0, "56": 0.015009118572966914, "44": 0.0, "33": 0.0, "38": 0.0, "31": -0.007433623819195256, "7": -0.1475677777253452, "4": -0.656092812137305, "11": -0.13024117019436954, "37": 0.0, "15": -0.041068344340277285, "36": -0.041420488844810324, "8": -0.44070177407505484, "12": -0.17462796800142674, "29": -0.03744162613626126, "49": -0.0467020289522204, "17": 0.01349096371934393, "45": 0.012353456197011075, "6": -0.2133261913239968, "10": -0.04210629899754348, "16": -0.03158054818914993, "59": 0.0, "18": -0.016750553178834483, "48": -0.06035327100538322, "60": 0.0, "47": 0.0, "22": -0.01958784943945075, "40": 0.013940042207624383, "32": -0.012453535069735762, "13": -0.04658151587163578, "2": -0.662189507605671, "50": -0.0708089770362782, "42": 0.0, "57": 0.014512771989198068, "52": -0.043857370587050776, "51": -0.05844487677842856, "1": -1.351060086211676, "3": -0.7991019336855277, "61": 0.004283319449800068, "62": 0.0036533443681640815, "63": -0.0014504875003121653, "64": 0.017397402019503135, "65": 0.005520697638914196, "66": -0.010373926437516617, "67": -0.009095042416778002, "68": -0.008064680046150319, "69": -0.022414693341601708, "70": -0.011579590952595068, "71": -0.00842121640823201, "72": -0.006141082806009167, "73": -0.013670172396741249, "74": 0.0, "75": -0.0025548890208799517, "76": 0.00015852020672588955, "77": -0.0012739466665515349, "78": -0.013892194991237757, "79": -0.010662245903611839, "80": 0.004542265170619768, "81": 0.00200028452988889, "82": -0.0023907765911310355, "83": -0.0022394658081270244, "84": -0.004234866947594829, "85": 0.019213580913130184, "86": 0.018112905870759272, "87": 0.0}, "3": {"5": -0.29955299381886735, "28": 0.0, "55": 0.03265679870633465, "43": 0.0, "58": 0.01927357111587555, "54": 0.017273922140978417, "41": 0.0, "14": -0.12030659110142422, "9": -0.11555749457014147, "34": 0.0, "19": 0.001515526240870646, "46": 0.03685338940442501, "53": 0.03987317312072379, "35": 0.0, "39": 0.0, "56": 0.015009118572966914, "44": 0.0, "33": 0.0, "38": 0.0, "31": -0.0037619431314283415, "7": -0.1475677777253452, "4": -0.656092812137305, "11": -0.0922291883231212, "37": 0.0, "15": -0.041068344340277285, "36": -0.041420488844810324, "8": -0.44070177407505484, "12": -0.17462796800142674, "29": -0.03744162613626126, "49": 0.0, "17": 0.002609865044756822, "45": 0.0, "6": -0.2133261913239968, "10": -0.02351119594493437, "16": -0.03158054818914993, "59": 0.0072958992524229434, "18": -0.014767318224342766, "48": -0.06035327100538322, "60": 0.0, "47": 0.0, "22": -0.03439881495905195, "40": 0.0, "32": -0.005057309426080611, "13": -0.04658151587163578, "2": -0.662189507605671, "50": -0.0708089770362782, "42": 0.0, "57": 0.018114794843614244, "52": 0.0, "51": -0.05844487677842856, "1": -1.351060086211676, "3": -0.7991019336855277, "61": 0.002107743765720216, "62": 2.9423991767474345e-05, "63": -0.001511452915049039, "64": 0.014608549736879542, "65": 0.013902879369117289, "66": -0.0058619591719310075, "67": -0.011079846769450508, "68": -0.009139039219180887, "69": -0.015503504404427316, "70": -0.014907163952190447, "71": -0.01683065013380351, "72": -0.008101095271340588, "73": -0.01661878066091205, "74": -0.005750568363827333, "75": -0.00021793000962353794, "76": 2.1390401772070078e-07, "77": -0.001966585055648805, "78": -0.0026247109235001, "79": -0.006145743366857047, "80": 0.0013019909255730213, "81": 0.003812128397642083, "82": -0.006219973575253545, "83": -0.0037625702289302895, "84": -0.0060893226723533755, "85": 0.014303413969623334, "86": 0.014074133586046103, "87": 0.00795201355544781}, "4": {"5": -0.29955299381886735, "28": -0.01741695897372942, "55": 0.0, "43": 0.0, "58": 0.0, "54": 0.016889639187610526, "41": 0.0, "14": -0.12030659110142422, "9": -0.11555749457014147, "34": 0.0, "19": 0.0047168877484829565, "46": 0.02017842496462996, "53": 0.023400541076600875,