{
  "paintcontrol": {
    "0": {
      "4": 0.0,
      "6": -0.09205800954201962,
      "8": 0.0,
      "16": 0.0,
      "14": -0.10796058288883605,
      "3": 0.0,
      "12": -0.21079571317960233,
      "15": 0.0,
      "11": 0.0,
      "13": 0.004003613845907583,
      "17": 0.0,
      "18": 0.0,
      "19": -0.07134966176597463,
      "20": -0.05397483910263577,
      "21": 0.07690707177879642,
      "22": 0.07295527095910817,
      "23": -0.05656743694954441,
      "24": -0.10044761592438282,
      "25": -0.07471040948236199,
      "26": 0.0046198583063067206,
      "27": 0.04242533045531271,
      "28": 0.0,
      "29": -0.1145340790623828,
      "30": -0.08873184332766967
    },
    "1": {
      "4": 0.0,
      "6": -0.09205800954201962,
      "8": -0.011544626831918176,
      "16": 0.0,
      "14": -0.10796058288883605,
      "3": 0.0,
      "12": -0.21079571317960233,
      "15": 0.0,
      "11": 0.0,
      "13": 0.004003613845907583,
      "17": 0.0,
      "18": 0.0,
      "19": -0.0446311045825675,
      "20": -0.01768184015262341,
      "21": 0.0,
      "22": 0.05855818688001085,
      "23": -0.03437192808869214,
      "24": -0.08557577691437904,
      "25": -0.06527724497828646,
      "26": 0.026490780972451652,
      "27": 0.0,
      "28": 0.0,
      "29": -0.18135626414650008,
      "30": -0.11224863726291823
    },
    "2": {
      "4": 0.05095610053304261,
      "6": -0.09205800954201962,
      "8": -0.011544626831918176,
      "16": 0.0,
      "14": -0.10796058288883605,
      "3": 0.015003941025047172,
      "12": -0.21079571317960233,
      "15": 0.0,
      "11": 0.0,
      "13": 0.0,
      "17": 0.08316224164103447,
      "18": 0.03493284219629648,
      "19": -0.08935122862505918,
      "20": -0.04843550155790531,
      "21": 0.0,
      "22": 0.0,
      "23": -0.04590211175361868,
      "24": -0.05175905297876045,
      "25": -0.06527724497828646,
      "26": 0.02640945456880924,
      "27": 0.021179838570053372,
      "28": 0.0350304176213662,
      "29": -0.18135626414650008,
      "30": -0.11224863726291823
    },
    "3": {
      "4": 0.0,
      "6": -0.09205800954201962,
      "8": -0.011544626831918176,
      "16": 0.0,
      "14": -0.10796058288883605,
      "3": 0.0,
      "12": -0.21079571317960233,
      "15": 0.0,
      "11": 0.0,
      "13": 0.0,
      "17": 0.008832780893057217,
      "18": 0.019438538138458902,
      "19": -0.08935122862505918,
      "20": -0.04843550155790531,
      "21": 0.0,
      "22": 0.0,
      "23": -0.05656743694954441,
      "24": -0.10044761592438282,
      "25": -0.03298378112354171,
      "26": -0.005463516219352434,
      "27": 0.0,
      "28": 0.06812453055121312,
      "29": -0.14644955829806722,
      "30": -0.11224863726291823
    },
    "4": {
      "4": 0.0,
      "6": -0.09205800954201962,
      "8": 0.0,
      "16": 0.0,
      "14": -0.10796058288883605,
      "3": 0.0,
      "12": -0.21079571317960233,
      "15": 0.01224352491742553,
      "11": 0.0,
      "13": 0.0,
      "17": 0.03565569452450347,
      "18": 0.015494304057837575,
      "19": -0.08935122862505918,
      "20": -0.05397483910263577,
      "21": 0.03607131518821466,
      "22": 0.0,
      "23": -0.05656743694954441,
      "24": -0.05888917829670121,
      "25": -0.07471040948236199,
      "26": 0.03694322386077993,
      "27": 0.006250333081554926,
      "28": 0.0350304176213662,
      "29": -0.18135626414650008,
      "30": -0.11224863726291823
    },
    "5": {
      "4": 0.0,
      "6": -0.09205800954201962,
      "8": 0.0,
      "16": 0.0,
      "14": -0.10796058288883605,
      "3": 0.0,
      "12": -0.21079571317960233,
      "15": 0.0,
      "11": 0.0,
      "13": 0.004003613845907583,
      "17": 0.0,
      "18": 0.06149554624267957,
      "19": -0.09074422163412446,
      "20": -0.03629299895001237,
      "21": 0.0,
      "22": 0.0,
      "23": -0.04049785058351206,
      "24": -0.09663930654168913,
      "25": -0.06527724497828646,
      "26": -0.0008436579130457131,
      "27": 0.0015426709406798494,
      "28": 0.05481794091919772,
      "29": -0.18135626414650008,
      "30": -0.08873184332766967
    },
    "6": {
      "4": 0.0,
      "6": -0.09205800954201962,
      "8": -0.011544626831918176,
      "16": 0.0,
      "14": -0.10796058288883605,
      "3": 0.0,
      "12": -0.21079571317960233,
      "15": 0.0,
      "11": 0.0,
      "13": 0.0,
      "17": 0.01651941191584589,
      "18": 0.038755010512831964,
      "19": -0.08935122862505918,
      "20": -0.05397483910263577,
      "21": 0.0,
      "22": 0.0,
      "23": -0.05311946260023073,
      "24": -0.0578488594916834,
      "25": -0.06527724497828646,
      "26": -0.005463516219352434,
      "27": 0.018778816084826094,
      "28": 0.0,
      "29": -0.18135626414650008,
      "30": -0.11224863726291823
    },
    "7": {
      "4": 0.0,
      "6": -0.09205800954201962,
      "8": -0.011544626831918176,
      "16": 0.0,
      "14": -0.10796058288883605,
      "3": 0.0,
      "12": -0.21079571317960233,
      "15": 0.0,
      "11": 0.0,
      "13": 0.0,
      "17": 0.01692077880823081,
      "18": 0.0,
      "19": -0.08935122862505918,
      "20": -0.04183233649474283,
      "21": 0.0,
      "22": 0.0356926885995041,
      "23": -0.05656743694954441,
      "24": -0.10376943185962989,
      "25": -0.07471040948236199,
      "26": -0.005463516219352434,
      "27": 0.0015426709406798494,
      "28": 0.0,
      "29": -0.14252482425850738,
      "30": -0.11224863726291823
    },
    "8": {
      "4": 0.0,
      "6": -0.09205800954201962,
      "8": -0.011544626831918176,
      "16": 0.0,
      "14": -0.10796058288883605,
      "3": 0.0,
      "12": -0.21079571317960233,
      "15": 0.0,
      "11": 0.0,
      "13": 0.004003613845907583,
      "17": 0.01651941191584589,
      "18": 0.03892319738843979,
      "19": -0.07274265477503991,
      "20": -0.04843550155790531,
      "21": 0.0,
      "22": 0.0,
      "23": -0.038265095226884614,
      "24": -0.10044761592438282,
      "25": -0.07471040948236199,
      "26": -0.005463516219352434,
      "27": 0.0015426709406798494,
      "28": 0.0,
      "29": -0.18135626414650008,
      "30": -0.11224863726291823
    },
    "9": {
      "4": 0.0,
      "6": -0.09205800954201962,
      "8": -0.011544626831918176,
      "16": 0.0,
      "14": -0.10796058288883605,
      "3": 0.0,
      "12": -0.21079571317960233,
      "15": 0.0,
      "11": 0.0,
      "13": 0.0,
      "17": 0.01692077880823081,
      "18": 0.015494304057837575,
      "19": -0.09074422163412446,
      "20": -0.05397483910263577,
      "21": 0.0,
      "22": 0.09076780182290253,
      "23": -0.04049785058351206,
      "24": -0.1075777412423236,
      "25": -0.07471040948236199,
      "26": 0.0,
      "27": 0.012528483003271168,
      "28": 0.019787523297831518,
      "29": -0.18135626414650008,
      "30": -0.11224863726291823
    }
  }
}