{
  "clusters": [
    "1",
    "10",
    "11",
    "12",
    "13",
    "14",
    "15",
    "16",
    "17",
    "18",
    "19",
    "2",
    "22",
    "28",
    "29",
    "3",
    "31",
    "32",
    "33",
    "34",
    "35",
    "36",
    "37",
    "38",
    "39",
    "4",
    "40",
    "41",
    "42",
    "43",
    "44",
    "45",
    "46",
    "47",
    "48",
    "49",
    "5",
    "50",
    "51",
    "52",
    "53",
    "54",
    "55",
    "56",
    "57",
    "58",
    "59",
    "6",
    "60",
    "61",
    "62",
    "63",
    "64",
    "65",
    "66",
    "67",
    "68",
    "69",
    "7",
    "70",
    "71",
    "72",
    "73",
    "74",
    "75",
    "76",
    "77",
    "78",
    "79",
    "8",
    "80",
    "81",
    "82",
    "83",
    "84",
    "85",
    "86",
    "87",
    "9"
  ],
  "statevector": [
    -1.351060086211676,
    -0.04210629899754348,
    -0.13024117019436954,
    -0.17462796800142674,
    -0.04658151587163578,
    -0.12030659110142422,
    -0.041068344340277285,
    -0.03158054818914993,
    0.0,
    -0.016750553178834483,
    -0.00010887600022391371,
    -0.662189507605671,
    -0.03439881495905195,
    -0.01741695897372942,
    -0.03744162613626126,
    -0.7991019336855277,
    -0.012435960192889783,
    -0.014646189075723938,
    0.0,
    0.0,
    0.0,
    -0.041420488844810324,
    0.0,
    0.0,
    0.0,
    -0.656092812137305,
    0.0,
    0.0,
    0.0,
    0.0,
    0.0,
    0.0,
    0.0,
    0.0,
    -0.06035327100538322,
    -0.046702028952220406,
    -0.29955299381886735,
    -0.0708089770362782,
    -0.05844487677842856,
    -0.043857370587050776,
    0.0,
    0.0,
    0.0,
    0.0,
    0.0,
    0.0,
    0.0,
    -0.2133261913239968,
    0.0,
    -0.0018143894142178749,
    0.0,
    -0.004444162394521974,
    0.0,
    0.0,
    -0.019865803069078234,
    -0.01513049115540388,
    -0.014052931497541683,
    -0.022414693341601708,
    -0.1475677777253452,
    -0.01950024528169402,
    -0.023184089218076832,
    -0.014076323074474779,
    -0.021036365128071874,
    -0.008457244425938346,
    -0.0027809063057504468,
    -0.0012588330827412425,
    -0.0035062532768891665,
    -0.015090574812235089,
    -0.01192558329512684,
    -0.44070177407505484,
    0.0,
    0.0,
    -0.00663995670296188,
    -0.005289553944205584,
    -0.008515245235606057,
    0.0,
    0.0,
    0.0,
    -0.11555749457014147
  ],
  "sampling": [
    -1.351060086211676,
    -0.04210629899754348,
    -0.13024117019436954,
    -0.17462796800142674,
    -0.04658151587163578,
    -0.12030659110142422,
    -0.041068344340277285,
    -0.03158054818914993,
    0.01641783469883038,
    -0.014767318224342766,
    0.008924719644274843,
    -0.662189507605671,
    -0.03439881495905195,
    -0.01741695897372942,
    -0.033570307900278575,
    -0.7991019336855277,
    -0.008111727729698901,
    -0.008967159692287723,
    0.0,
    0.0,
    0.0,
    -0.041420488844810324,
    0.0,
    0.0,
    0.0,
    -0.656092812137305,
    0.0,
    0.0,
    0.0,
    0.0,
    0.0,
    0.0,
    0.0,
    0.0,
    -0.06035327100538322,
    -0.046702028952220406,
    -0.29955299381886735,
    -0.0708089770362782,
    -0.05844487677842856,
    -0.043857370587050776,
    0.012852932893515474,
    0.010950873741998313,
    0.010549970084288965,
    0.013852679402971954,
    0.009057397421807122,
    0.004753679473693615,
    0.0,
    -0.2133261913239968,
    0.0,
    0.0018213469502539076,
    0.001891907371546616,
    -0.0011281001325150533,
    0.01156040265486958,
    0.010661243368334652,
    -0.012520076250527194,
    -0.008540675901072808,
    -0.007026465748770841,
    -0.011395544484125532,
    -0.1475677777253452,
    -0.01041804359598846,
    -0.012651238878964166,
    -0.007751934696826292,
    -0.009992825615828461,
    -0.0037612710793459366,
    -0.001273125892892154,
    7.926010336294477e-05,
    -0.001115625487106911,
    -0.011592034062563344,
    -0.00913207661555717,
    -0.44070177407505484,
    0.007811539826291771,
    0.004513580595080811,
    -0.0020188892536942265,
    -0.003145166852115351,
    -0.004169608894016631,
    0.009584707190568486,
    0.013354358035674526,
    0.011992562181380522,
    -0.11555749457014147
  ],
  "fake_brisbane": [
    -1.351060086211676,
    -0.04210629899754348,
    -0.13024117019436954,
    -0.17462796800142674,
    -0.04658151587163578,
    -0.12030659110142422,
    -0.041068344340277285,
    -0.03158054818914993,
    0.013856934611658404,
    -0.014767318224342766,
    0.005750114403599408,
    -0.662189507605671,
    -0.03439881495905195,
    -0.00870847948686471,
    -0.02969898966429589,
    -0.7991019336855277,
    -0.008648464926381765,
    -0.00916989605122491,
    0.0,
    0.0,
    0.0,
    -0.041420488844810324,
    0.0,
    0.0,
    0.0,
    -0.656092812137305,
    0.0,
    0.0,
    0.0,
    0.0,
    0.0,
    0.0,
    0.0,
    0.0,
    -0.06035327100538322,
    -0.046702028952220406,
    -0.29955299381886735,
    -0.0708089770362782,
    -0.05844487677842856,
    -0.043857370587050776,
    0.010677903623809125,
    0.008227390001054997,
    0.00936201445217288,
    0.018265302828021496,
    0.0,
    0.009636785557937774,
    0.0,
    -0.2133261913239968,
    0.0,
    0.001548009391290487,
    0.0015000443418551898,
    -0.0025547820408628502,
    0.011004926243604482,
    0.013990593352978385,
    -0.010982546292133317,
    -0.00782079600809496,
    -0.008283191122683177,
    -0.009402521168990503,
    -0.1475677777253452,
    -0.009075485252456513,
    -0.010562632367186367,
    -0.00835567572428403,
    -0.010467285249109004,
    -0.0032018219184940253,
    -0.00034581525199249975,
    -0.0003384528411866769,
    -0.0014827948124800838,
    -0.010992844152064678,
    -0.007954744339085858,
    -0.44070177407505484,
    0.006161840057577271,
    0.004444360001374893,
    -0.0033608586384342586,
    -0.00307640950637102,
    -0.004670651727441891,
    0.011854748746028428,
    0.013315383325369145,
    0.011748714827357147,
    -0.11555749457014147
  ],
  "dep_01": [
    -1.351060086211676,
    -0.04210629899754348,
    -0.13024117019436954,
    -0.17462796800142674,
    -0.04658151587163578,
    -0.12030659110142422,
    -0.041068344340277285,
    -0.03158054818914993,
    0.01547233846582789,
    -0.008451832437390025,
    0.0067171450687096325,
    -0.662189507605671,
    -0.03439881495905195,
    -0.00890115948340612,
    -0.033570307900278575,
    -0.7991019336855277,
    -0.008111727729698901,
    -0.007513655810040409,
    0.0,
    0.0,
    0.0,
    -0.041420488844810324,
    0.0,
    0.0,
    0.0,
    -0.656092812137305,
    0.0,
    0.0,
    0.0,
    0.0,
    0.010462092620369536,
    0.0,
    0.0,
    0.0,
    -0.06035327100538322,
    -0.046702028952220406,
    -0.29955299381886735,
    -0.0708089770362782,
    -0.05844487677842856,
    -0.043857370587050776,
    0.014462165397124381,
    0.010540710035259419,
    0.002461286589583011,
    0.007504559286483457,
    0.0,
    0.00950735894738723,
    0.0,
    -0.2133261913239968,
    0.0,
    0.0027147419366124314,
    0.0017086081557561538,
    -0.001998456678294037,
    0.014559760949303013,
    0.010692458713981882,
    -0.01096247028881276,
    -0.008386007104272572,
    -0.0070674682165561414,
    -0.010131644825779542,
    -0.1475677777253452,
    -0.011202941654921795,
    -0.012648645606594006,
    -0.007035251170623095,
    -0.009747481064277922,
    -0.004695973346592409,
    -0.00240753358110511,
    -0.0005501564380076765,
    -0.0022369168816133043,
    -0.005958292028694518,
    -0.0074090807583720485,
    -0.44070177407505484,
    0.007968784204890635,
    0.005153654897881613,
    -0.0022415136408400925,
    -0.0026602635771910345,
    -0.0029726737409919365,
    0.011822137023793223,
    0.01569680594774287,
    0.008085010844721668,
    -0.11555749457014147
  ],