{
  "5": {
    "min": -0.29955299381886735,
    "max": -0.29955299381886735,
    "average": -0.29955299381886735,
    "median": -0.29955299381886735,
    "std_dev": 0.0,
    "count": 10
  },
  "28": {
    "min": -0.01741695897372942,
    "max": -0.01741695897372942,
    "average": -0.01741695897372942,
    "median": -0.01741695897372942,
    "std_dev": 0.0,
    "count": 10
  },
  "55": {
    "min": 0.0,
    "max": 0.0,
    "average": 0.0,
    "median": 0.0,
    "std_dev": 0.0,
    "count": 10
  },
  "43": {
    "min": 0.0,
    "max": 0.0,
    "average": 0.0,
    "median": 0.0,
    "std_dev": 0.0,
    "count": 10
  },
  "58": {
    "min": 0.0,
    "max": 0.0,
    "average": 0.0,
    "median": 0.0,
    "std_dev": 0.0,
    "count": 10
  },
  "54": {
    "min": 0.0,
    "max": 0.0,
    "average": 0.0,
    "median": 0.0,
    "std_dev": 0.0,
    "count": 10
  },
  "41": {
    "min": 0.0,
    "max": 0.0,
    "average": 0.0,
    "median": 0.0,
    "std_dev": 0.0,
    "count": 10
  },
  "14": {
    "min": -0.12030659110142422,
    "max": -0.12030659110142422,
    "average": -0.12030659110142422,
    "median": -0.12030659110142422,
    "std_dev": 0.0,
    "count": 10
  },
  "9": {
    "min": -0.11555749457014147,
    "max": -0.11555749457014147,
    "average": -0.11555749457014147,
    "median": -0.11555749457014147,
    "std_dev": 0.0,
    "count": 10
  },
  "34": {
    "min": 0.0,
    "max": 0.0,
    "average": 0.0,
    "median": 0.0,
    "std_dev": 0.0,
    "count": 10
  },
  "19": {
    "min": -0.00010887600022391371,
    "max": -0.00010887600022391371,
    "average": -0.00010887600022391371,
    "median": -0.00010887600022391371,
    "std_dev": 0.0,
    "count": 10
  },
  "46": {
    "min": 0.0,
    "max": 0.0,
    "average": 0.0,
    "median": 0.0,
    "std_dev": 0.0,
    "count": 10
  },
  "53": {
    "min": 0.0,
    "max": 0.0,
    "average": 0.0,
    "median": 0.0,
    "std_dev": 0.0,
    "count": 10
  },
  "35": {
    "min": 0.0,
    "max": 0.0,
    "average": 0.0,
    "median": 0.0,
    "std_dev": 0.0,
    "count": 10
  },
  "39": {
    "min": 0.0,
    "max": 0.0,
    "average": 0.0,
    "median": 0.0,
    "std_dev": 0.0,
    "count": 10
  },
  "56": {
    "min": 0.0,
    "max": 0.0,
    "average": 0.0,
    "median": 0.0,
    "std_dev": 0.0,
    "count": 10
  },
  "44": {
    "min": 0.0,
    "max": 0.0,
    "average": 0.0,
    "median": 0.0,
    "std_dev": 0.0,
    "count": 10
  },
  "33": {
    "min": 0.0,
    "max": 0.0,
    "average": 0.0,
    "median": 0.0,
    "std_dev": 0.0,
    "count": 10
  },
  "38": {
    "min": 0.0,
    "max": 0.0,
    "average": 0.0,
    "median": 0.0,
    "std_dev": 0.0,
    "count": 10
  },
  "31": {
    "min": -0.012435960192889783,
    "max": -0.012435960192889783,
    "average": -0.012435960192889783,
    "median": -0.012435960192889783,
    "std_dev": 0.0,
    "count": 10
  },
  "7": {
    "min": -0.1475677777253452,
    "max": -0.1475677777253452,
    "average": -0.1475677777253452,
    "median": -0.1475677777253452,
    "std_dev": 0.0,
    "count": 10
  },
  "4": {
    "min": -0.656092812137305,
    "max": -0.656092812137305,
    "average": -0.656092812137305,
    "median": -0.656092812137305,
    "std_dev": 0.0,
    "count": 10
  },
  "11": {
    "min": -0.13024117019436954,
    "max": -0.13024117019436954,
    "average": -0.13024117019436954,
    "median": -0.13024117019436954,
    "std_dev": 0.0,
    "count": 10
  },
  "37": {
    "min": 0.0,
    "max": 0.0,
    "average": 0.0,
    "median": 0.0,
    "std_dev": 0.0,
    "count": 10
  },
  "15": {
    "min": -0.041068344340277285,
    "max": -0.041068344340277285,
    "average": -0.041068344340277285,
    "median": -0.041068344340277285,
    "std_dev": 0.0,
    "count": 10
  },
  "36": {
    "min": -0.041420488844810324,
    "max": -0.041420488844810324,
    "average": -0.041420488844810324,
    "median": -0.041420488844810324,
    "std_dev": 0.0,
    "count": 10
  },
  "8": {
    "min": -0.44070177407505484,
    "max": -0.44070177407505484,
    "average": -0.44070177407505484,
    "median": -0.44070177407505484,
    "std_dev": 0.0,
    "count": 10
  },
  "12": {
    "min": -0.17462796800142674,
    "max": -0.17462796800142674,
    "average": -0.17462796800142674,
    "median": -0.17462796800142674,
    "std_dev": 0.0,
    "count": 10
  },
  "29": {
    "min": -0.03744162613626126,
    "max": -0.03744162613626126,
    "average": -0.03744162613626126,
    "median": -0.03744162613626126,
    "std_dev": 0.0,
    "count": 10
  },
  "49": {
    "min": -0.046702028952220406,
    "max": -0.046702028952220406,
    "average": -0.046702028952220406,
    "median": -0.046702028952220406,
    "std_dev": 0.0,
    "count": 10
  },
  "17": {
    "min": 0.0,
    "max": 0.0,
    "average": 0.0,
    "median": 0.0,
    "std_dev": 0.0,
    "count": 10
  },
  "45": {
    "min": 0.0,
    "max": 0.0,
    "average": 0.0,
    "median": 0.0,
    "std_dev": 0.0,
    "count": 10
  },
  "6": {
    "min": -0.2133261913239968,
    "max": -0.2133261913239968,
    "average": -0.2133261913239968,
    "median": -0.2133261913239968,
    "std_dev": 0.0,
    "count": 10
  },
  "10": {
    "min": -0.04210629899754348,
    "max": -0.04210629899754348,
    "average": -0.04210629899754348,
    "median": -0.04210629899754348,
    "std_dev": 0.0,
    "count": 10
  },
  "16": {
    "min": -0.03158054818914993,
    "max": -0.03158054818914993,
    "average": -0.03158054818914993,
    "median": -0.03158054818914993,
    "std_dev": 0.0,
    "count": 10
  },
  "59": {
    "min": 0.0,
    "max": 0.0,
    "average": 0.0,
    "median": 0.0,
    "std_dev": 0.0,
    "count": 10
  },
  "18": {
    "min": -0.016750553178834483,
    "max": -0.016750553178834483,
    "average": -0.016750553178834483,
    "median": -0.016750553178834483,
    "std_dev": 0.0,
    "count": 10
  },
  "48": {
    "min": -0.06035327100538322,
    "max": -0.06035327100538322,
    "average": -0.06035327100538322,
    "median": -0.06035327100538322,
    "std_dev": 0.0,
    "count": 10
  },
  "60": {
    "min": 0.0,
    "max": 0.0,
    "average": 0.0,
    "median": 0.0,
    "std_dev": 0.0,
    "count": 10
  },
  "47": {
    "min": 0.0,
    "max": 0.0,
    "average": 0.0,
    "median": 0.0,
    "std_dev": 0.0,
    "count": 10
  },
  "22": {
    "min": -0.03439881495905195,
    "max": -0.03439881495905195,
    "average": -0.03439881495905195,
    "median": -0.03439881495905195,
    "std_dev": 0.0,
    "count": 10
  },
  "40": {
    "min": 0.0,
    "max": 0.0,
    "average": 0.0,
    "median": 0.0,
    "std_dev": 0.0,
    "count": 10
  },
  "32": {
    "min": -0.014646189075723938,
    "max": -0.014646189075723938,
    "average": -0.014646189075723938,
    "median": -0.014646189075723938,
    "std_dev": 0.0,
    "count": 10
  },
  "13": {
    "min": -0.04658151587163578,
    "max": -0.04658151587163578,
    "average": -0.04658151587163578,
    "median": -0.04658151587163578,
    "std_dev": 0.0,
    "count": 10
  },
  "2": {
    "min": -0.662189507605671,
    "max": -0.662189507605671,
    "average": -0.662189507605671,
    "median": -0.662189507605671,
    "std_dev": 0.0,
    "count": 10
  },
  "50": {
    "min": -0.0708089770362782,
    "max": -0.0708089770362782,
    "average": -0.0708089770362782,
    "median": -0.0708089770362782,
    "std_dev": 0.0,
    "count": 10
  },
  "42": {
    "min": 0.0,
    "max": 0.0,
    "average": 0.0,
    "median": 0.0,
    "std_dev": 0.0,
    "count": 10
  },
  "57": {
    "min": 0.0,
    "max": 0.0,
    "average": 0.0,
    "median": 0.0,
    "std_dev": 0.0,
    "count": 10
  },
  "52": {
    "min": -0.043857370587050776,
    "max": -0.043857370587050776,
    "average": -0.043857370587050776,
    "median": -0.043857370587050776,
    "std_dev": 0.0,
    "count": 10
  },
  "51": {
    "min": -0.05844487677842856,
    "max": -0.05844487677842856,
    "average": -0.05844487677842856,
    "median": -0.05844487677842856,
    "std_dev": 0.0,
    "count": 10
  },
  "1": {
    "min": -1.351060086211676,