{
  "4": {
    "min": 0.0,
    "max": 0.0,
    "average": 0.0,
    "median": 0.0,
    "std_dev": 0.0,
    "count": 10
  },
  "6": {
    "min": -0.09205800954201962,
    "max": -0.09205800954201962,
    "average": -0.09205800954201962,
    "median": -0.09205800954201962,
    "std_dev": 0.0,
    "count": 10
  },
  "8": {
    "min": -0.011544626831918176,
    "max": -0.011544626831918176,
    "average": -0.011544626831918176,
    "median": -0.011544626831918176,
    "std_dev": 0.0,
    "count": 10
  },
  "16": {
    "min": 0.0,
    "max": 0.0,
    "average": 0.0,
    "median": 0.0,
    "std_dev": 0.0,
    "count": 10
  },
  "14": {
    "min": -0.10796058288883605,
    "max": -0.10796058288883605,
    "average": -0.10796058288883605,
    "median": -0.10796058288883605,
    "std_dev": 0.0,
    "count": 10
  },
  "3": {
    "min": 0.0,
    "max": 0.0,
    "average": 0.0,
    "median": 0.0,
    "std_dev": 0.0,
    "count": 10
  },
  "12": {
    "min": -0.21079571317960233,
    "max": -0.21079571317960233,
    "average": -0.21079571317960233,
    "median": -0.21079571317960233,
    "std_dev": 0.0,
    "count": 10
  },
  "15": {
    "min": 0.0,
    "max": 0.0,
    "average": 0.0,
    "median": 0.0,
    "std_dev": 0.0,
    "count": 10
  },
  "11": {
    "min": 0.0,
    "max": 0.0,
    "average": 0.0,
    "median": 0.0,
    "std_dev": 0.0,
    "count": 10
  },
  "13": {
    "min": 0.0,
    "max": 0.0,
    "average": 0.0,
    "median": 0.0,
    "std_dev": 0.0,
    "count": 10
  },
  "17": {
    "min": 0.0,
    "max": 0.0,
    "average": 0.0,
    "median": 0.0,
    "std_dev": 0.0,
    "count": 10
  },
  "18": {
    "min": 0.0,
    "max": 0.0,
    "average": 0.0,
    "median": 0.0,
    "std_dev": 0.0,
    "count": 10
  },
  "19": {
    "min": -0.09074422163412446,
    "max": -0.09074422163412446,
    "average": -0.09074422163412446,
    "median": -0.09074422163412446,
    "std_dev": 0.0,
    "count": 10
  },
  "20": {
    "min": -0.05397483910263577,
    "max": -0.05397483910263577,
    "average": -0.05397483910263577,
    "median": -0.05397483910263577,
    "std_dev": 0.0,
    "count": 10
  },
  "21": {
    "min": 0.0,
    "max": 0.0,
    "average": 0.0,
    "median": 0.0,
    "std_dev": 0.0,
    "count": 10
  },
  "22": {
    "min": 0.0,
    "max": 0.0,
    "average": 0.0,
    "median": 0.0,
    "std_dev": 0.0,
    "count": 10
  },
  "23": {
    "min": -0.05656743694954441,
    "max": -0.05656743694954441,
    "average": -0.05656743694954441,
    "median": -0.05656743694954441,
    "std_dev": 0.0,
    "count": 10
  },
  "24": {
    "min": -0.1075777412423236,
    "max": -0.1075777412423236,
    "average": -0.1075777412423236,
    "median": -0.1075777412423236,
    "std_dev": 0.0,
    "count": 10
  },
  "25": {
    "min": -0.07471040948236199,
    "max": -0.07471040948236199,
    "average": -0.07471040948236199,
    "median": -0.07471040948236199,
    "std_dev": 0.0,
    "count": 10
  },
  "26": {
    "min": -0.005463516219352434,
    "max": -0.005463516219352434,
    "average": -0.005463516219352434,
    "median": -0.005463516219352434,
    "std_dev": 0.0,
    "count": 10
  },
  "27": {
    "min": 0.0,
    "max": 0.0,
    "average": 0.0,
    "median": 0.0,
    "std_dev": 0.0,
    "count": 10
  },
  "28": {
    "min": 0.0,
    "max": 0.0,
    "average": 0.0,
    "median": 0.0,
    "std_dev": 0.0,
    "count": 10
  },
  "29": {
    "min": -0.18135626414650008,
    "max": -0.18135626414650008,
    "average": -0.18135626414650008,
    "median": -0.18135626414650008,
    "std_dev": 0.0,
    "count": 10
  },
  "30": {
    "min": -0.11224863726291823,
    "max": -0.11224863726291823,
    "average": -0.11224863726291823,
    "median": -0.11224863726291823,
    "std_dev": 0.0,
    "count": 10
  }
}