{"gsdtsr": {"0": {"5": -0.22885950316067402, "28": -0.0035512275068844074, "55": 0.01887118765277008, "43": 0.0, "58": 0.0, "54": 0.044802856958042495, "41": 0.0, "14": -0.08087985320881685, "9": -0.07958360220571539, "34": 0.0, "19": 0.0, "46": 0.0, "53": 0.0, "35": 0.0, "39": 0.0, "56": 0.0, "44": 0.0, "33": 0.0, "38": 0.0, "31": 0.004106180411767928, "7": -0.09281079135029172, "4": -0.46902344722128236, "11": -0.1013337241326438, "37": 0.0, "15": -0.026676522084617994, "36": 0.0, "8": -0.34261656356573533, "12": -0.13474963894881636, "29": -0.01783006360575965, "49": 0.0, "17": 0.0, "45": 0.0, "6": -0.16677592679557482, "10": -0.032889463960765794, "16": 0.0, "59": 0.0, "18": 0.0, "48": -0.026842983498912818, "60": 0.0, "47": 0.0, "22": 0.0, "40": 0.0, "32": 0.010445890808999814, "13": -0.03493656763008406, "2": -0.5046608353145567, "50": 0.0, "42": 0.0, "57": 0.0, "52": -0.01657674974506233, "51": -0.03093689924414308, "1": -1.0557110148340985, "3": -0.6237780718318612, "61": 0.012784713142785082, "62": 0.014758836250718634, "63": 0.002131134468463223, "64": 0.017285926030940764, "65": 0.018737082273011567, "66": -0.0046653674252932955, "67": -0.004309387133940622, "68": -0.002850516296474534, "69": -0.00652634310055966, "70": -0.0033626722494980326, "71": -0.003110595655746721, "72": -0.0024280807183130887, "73": -0.0027166089056695417, "74": -0.00066103521004087, "75": 0.004080788409559201, "76": 0.0013211811993324488, "77": 0.0025789551886708662, "78": 0.006035117448471035, "79": 0.007312392275522914, "80": 0.012213059596800954, "81": 0.019368360156991442, "82": -0.0007588656691824426, "83": 0.002626924939265224, "84": 0.0012401674778027897, "85": 0.009842600785053349, "86": 0.0, "87": 0.008706453430865254}, "1": {"5": -0.22885950316067402, "28": -0.004875955380500851, "55": 0.021090944642845545, "43": 0.0, "58": 0.0, "54": 0.0, "41": 0.0, "14": -0.08087985320881685, "9": -0.07958360220571539, "34": 0.0, "19": 0.011822902625252145, "46": 0.0, "53": 0.0, "35": 0.0, "39": 0.0, "56": 0.0, "44": 0.0, "33": 0.0, "38": 0.0, "31": 0.0016452499681833795, "7": -0.09281079135029172, "4": -0.46902344722128236, "11": -0.1013337241326438, "37": 0.0, "15": -0.026676522084617994, "36": 0.0, "8": -0.34261656356573533, "12": -0.13474963894881636, "29": -0.01583329752668475, "49": -0.00953567626848371, "17": 0.02611914462000158, "45": 0.0, "6": -0.16677592679557482, "10": -0.032889463960765794, "16": -0.017318199176272635, "59": 0.0, "18": 0.011710757356681645, "48": -0.026842983498912818, "60": 0.0, "47": 0.0, "22": -0.0132924018178618, "40": 0.0, "32": 0.0011077778749280396, "13": -0.03493656763008406, "2": -0.5046608353145567, "50": -0.03901681828071944, "42": 0.0, "57": 0.0, "52": 0.0, "51": -0.03093689924414308, "1": -1.0557110148340985, "3": -0.6237780718318612, "61": 0.0016908250683641602, "62": 0.011369021617764756, "63": 0.011860013387356398, "64": 0.039774379590794606, "65": 0.02985418414819655, "66": -0.007968139924885813, "67": -0.008221826795639224, "68": -0.0013185724361720707, "69": -0.007805448835133532, "70": -0.011893534473437231, "71": -0.0015544683302074862, "72": -0.00647119135376591, "73": -0.006801951238679319, "74": -0.0020691030962071517, "75": 0.006678917785674342, "76": 0.004800051252682484, "77": 0.0050914813934353894, "78": 0.004636331655963753, "79": 0.0015552428981055362, "80": 0.010359667083109087, "81": 0.006515472226597869, "82": 0.002200454967550462, "83": 0.0006655157969951712, "84": 0.0004998191278465752, "85": 0.019523989133357428, "86": 0.018621227575212583, "87": 0.017856106060413816}, "2": {"5": -0.22885950316067402, "28": -0.0035512275068844074, "55": 0.0, "43": 0.0, "58": 0.027553528849808336, "54": 0.0, "41": 0.0, "14": -0.08087985320881685, "9": -0.05526515984025573, "34": 0.0, "19": 0.021424635129280833, "46": 0.0, "53": 0.0, "35": 0.0, "39": 0.0, "56": 0.0, "44": 0.0, "33": 0.0, "38": 0.0, "31": 0.0, "7": -0.09281079135029172, "4": -0.46902344722128236, "11": -0.1013337241326438, "37": 0.0, "15": -0.026676522084617994, "36": 0.0, "8": -0.34261656356573533, "12": -0.13474963894881636, "29": -0.012001063449830533, "49": -0.006228109532430689, "17": 0.014196484402762043, "45": 0.0, "6": -0.16677592679557482, "10": -0.032889463960765794, "16": -0.017318199176272635, "59": 0.0, "18": 0.00551609963188596, "48": -0.026842983498912818, "60": 0.0, "47": 0.0, "22": -0.0078060546816567395, "40": 0.0, "32": 0.010990999117796395, "13": -0.03493656763008406, "2": -0.5046608353145567, "50": -0.03901681828071944, "42": 0.0, "57": 0.03408599699919838, "52": -0.01657674974506233, "51": 0.0, "1": -1.0557110148340985, "3": -0.6237780718318612, "61": 0.008932943050776222, "62": 0.011579825269558927, "63": 0.002131134468463223, "64": 0.04329192514519555, "65": 0.017277542399269957, "66": -0.003302772499592516, "67": -0.003777078203390661, "68": -0.007748579762997904, "69": -0.008622371671361095, "70": -0.004999694947360163, "71": -0.011753288958946072, "72": -0.0021391569926736947, "73": 0.0, "74": -0.0026784284008131093, "75": 0.004757545204341716, "76": 0.010812780419163436, "77": 0.0032203185175223034, "78": 0.0, "79": 0.0071536955281595845, "80": 0.0, "81": 0.012997144794290795, "82": 0.0026273298754047117, "83": 0.002096310022986555, "84": 0.0017399866056493649, "85": 0.009615458791241281, "86": 0.01779351552953763, "87": 0.008281850621883996}, "3": {"5": -0.22885950316067402, "28": -0.004875955380500851, "55": 0.0, "43": 0.0, "58": 0.027306202014279583, "54": 0.019750897424360616, "41": 0.0, "14": -0.08087985320881685, "9": -0.07958360220571539, "34": 0.0, "19": 0.02777884503384747, "46": 0.09026020934800683, "53": 0.0, "35": 0.0, "39": 0.0, "56": 0.08011965333896579, "44": 0.0, "33": 0.0, "38": 0.0, "31": 0.004106180411767928, "7": -0.09281079135029172, "4": -0.46902344722128236, "11": -0.02949554220543699, "37": 0.0, "15": -0.026676522084617994, "36": 0.0, "8": -0.34261656356573533, "12": -0.13474963894881636, "29": -0.01583329752668475, "49": -0.00953567626848371, "17": 0.03437962453822379, "45": 0.0, "6": -0.16677592679557482, "10": -0.032889463960765794, "16": -0.017318199176272635, "59": 0.0, "18": 0.0, "48": -0.026842983498912818, "60": 0.0, "47": 0.0, "22": -0.00548634713620506, "40": 0.0, "32": 0.014032942639647827, "13": 0.0, "2": -0.5046608353145567, "50": -0.03901681828071944, "42": 0.0, "57": 0.0, "52": -0.01657674974506233, "51": -0.03093689924414308, "1": -1.0557110148340985, "3": -0.6237780718318612, "61": 0.004747048978277662, "62": 0.00739580853575576, "63": 0.005025726053169489, "64": 0.020070716818713013, "65": 0.027209450616949675, "66": -0.011564230831583689, "67": -0.00753155461630551, "68": -0.0030818828881141636, "69": -0.00652634310055966, "70": -0.006649315091885215, "71": -0.007320214516612555, "72": -0.0015871727665487934, "73": -0.006037007145548382, "74": -0.005420893961585782, "75": 0.002173836762294935, "76": 0.006997768372401906, "77": 0.004861962018829879, "78": 0.005115743606928301, "79": 0.011218207852680153, "80": 0.01413183233493229, "81": 0.0, "82": 0.00032068690766901475, "83": 0.002392843385537863, "84": 0.0011381403743733983, "85": 0.009553551782702731, "86": 0.018898060112470937, "87": 0.008281850621883996}, "4": {"5": -0.22885950316067402, "28": -0.0035512275068844074, "55": 0.01620040818271603, "43": 0.0, "58": 0.027553528849808336, "54": 0.0, "41": 0.0, "14": -0.08087985320881685, "9": -0.07958360220571539, "34": 0.0, "19": 0.011594320145072095, "46": 0.0, "53": 0.0, "35": 0.0, "39": 0.0, "56": 0.0, "44": 0.0, "33": 0.0, "38": 0.0, "31": 0.0015500646391718217, "7": -0.09281079135029172, "4": -0.46902344722128236, "11": -0.1013337241326438, "37": 0.0, "15": -0.026676522084617994, "36": 0.0, "8": -0.34261656356573533, "12": -0.13474963894881636, "29": -0.01783006360575965, "49": -0.006228109532430689, "17": 0.024454670376224355, "45": 0.0, "6": -0.16677592679557482, "10": -0.032889463960765794, "16": -0.017318199176272635, "59": 0.0, "18": 0.009993333898706566,