{"flex": {"statevector_sim": {"selectqa": [[187, 187, 187, 187, 187, 187, 187, 187, 187, 187], 187, 0.0], "divga": [[140, 140, 140, 140, 140, 140, 139, 138, 140, 140], 139.7, 0.6749485577105528], "qaoa": [[227, 227, 234, 227, 234, 227, 227, 234, 227, 227], 229.1, 3.3813212407775355], "add_greedy": [199, 199, 0]}, "aer_sim": {"selectqa": [[187, 187, 187, 187, 187, 187, 187, 187, 187, 187], 187, 0.0], "divga": [[140, 139, 140, 140, 139, 140, 139, 138, 140, 139], 139.4, 0.699205898780101], "qaoa": [[201, 197, 207, 201, 204, 334, 335, 202, 203, 334], 241.8, 63.90409480880965], "add_greedy": [1, 1, 0]}, "fake_brisbane": {"selectqa": [[187, 187, 187, 187, 187, 187, 187, 187, 187, 187], 187, 0.0], "divga": [[139, 135, 140, 140, 130, 140, 133, 138, 136, 138], 136.9, 3.3813212407775355], "qaoa": [[336, 341, 197, 287, 343, 203, 197, 348, 334, 201], 278.7, 70.19504572578072], "add_greedy": [10, 10, 0]}, "depolarizing_sim/01": {"selectqa": [[187, 187, 187, 187, 187, 187, 187, 187, 187, 187], 187, 0.0], "divga": [[140, 125, 140, 139, 123, 139, 123, 138, 136, 137], 134, 7.2571803523590805], "qaoa": [[206, 211, 333, 296, 337, 210, 209, 342, 196, 208], 254.8, 63.44341310700951], "add_greedy": [1, 1, 0]}, "depolarizing_sim/02": {"selectqa": [[187, 187, 187, 187, 187, 187, 187, 187, 187, 187], 187, 0.0], "divga": [[140, 136, 140, 140, 130, 140, 133, 138, 138, 139], 137.4, 3.438345855527367], "qaoa": [[197, 211, 199, 337, 338, 197, 316, 334, 204, 198], 253.1, 67.65016219082142], "add_greedy": [8, 8, 0]}, "depolarizing_sim/05": {"selectqa": [[187, 187, 187, 187, 187, 187, 187, 187, 187, 187], 187, 0.0], "divga": [[139, 134, 139, 140, 126, 140, 131, 137, 136, 138], 136, 4.521553322083512], "qaoa": [[328, 215, 325, 196, 348, 331, 290, 339, 209, 199], 278, 64.95981663904061], "add_greedy": [1, 1, 0]}}, "grep": {"statevector_sim": {"selectqa": [[9, 9, 10, 9, 10, 9, 10, 9, 10, 10], 9.5, 0.5270462766947299], "divga": [[70, 70, 70, 70, 70, 70, 70, 70, 70, 70], 70, 0.0], "qaoa": [[323, 323, 327, 327, 323, 323, 326, 330, 330, 330], 326.2, 3.0840089349921005], "add_greedy": [167, 167, 0]}, "aer_sim": {"selectqa": [[9, 9, 10, 9, 10, 9, 10, 9, 10, 10], 9.5, 0.5270462766947299], "divga": [[70, 70, 70, 70, 70, 70, 70, 70, 70, 70], 70, 0.0], "qaoa": [[431, 429, 424, 424, 412, 414, 408, 416, 417, 417], 419.2, 7.495183638696105], "add_greedy": [167, 167, 0]}, "fake_brisbane": {"selectqa": [[9, 9, 10, 9, 10, 9, 10, 9, 10, 10], 9.5, 0.5270462766947299], "divga": [[70, 70, 70, 70, 70, 70, 70, 70, 70, 70], 70, 0.0], "qaoa": [[418, 404, 405, 405, 430, 423, 429, 425, 432, 427], 419.8, 11.143508324481019], "add_greedy": [167, 167, 0]}, "depolarizing_sim/01": {"selectqa": [[9, 9, 10, 9, 10, 9, 10, 9, 10, 10], 9.5, 0.5270462766947299], "divga": [[69, 70, 70, 70, 70, 70, 70, 70, 70, 70], 69.9, 0.31622776601683794], "qaoa": [[426, 440, 410, 436, 414, 421, 423, 431, 411, 428], 424, 10.241527663824812], "add_greedy": [167, 167, 0]}, "depolarizing_sim/02": {"selectqa": [[9, 9, 10, 9, 10, 9, 10, 9, 10, 10], 9.5, 0.5270462766947299], "divga": [[70, 70, 70, 70, 70, 70, 70, 70, 70, 70], 70, 0.0], "qaoa": [[436, 432, 426, 410, 418, 418, 408, 426, 435, 415], 422.4, 10.09069978852915], "add_greedy": [167, 167, 0]}, "depolarizing_sim/05": {"selectqa": [[9, 9, 10, 9, 10, 9, 10, 9, 10, 10], 9.5, 0.5270462766947299], "divga": [[70, 70, 70, 69, 68, 66, 70, 70, 69, 69], 69.1, 1.286683937707919], "qaoa": [[422, 428, 441, 440, 418, 425, 420, 436, 428, 422], 428, 8.31330927555995], "add_greedy": [167, 167, 0]}}, "gzip": {"statevector_sim": {"selectqa": [[39, 38, 37, 38, 39, 39, 38, 39, 37, 39], 38.3, 0.8232726023485646], "divga": [[105, 105, 104, 105, 105, 105, 105, 105, 105, 105], 104.9, 0.31622776601683794], "qaoa": [[89, 90, 90, 90, 89, 89, 90, 89, 90, 89], 89.5, 0.5270462766947299], "add_greedy": [72, 72, 0]}, "aer_sim": {"selectqa": [[36, 35, 34, 35, 36, 36, 35, 36, 34, 36], 35.3, 0.8232726023485646], "divga": [[80, 97, 99, 100, 99, 98, 102, 105, 95, 94], 96.9, 6.740425308044985], "qaoa": [[62, 94, 62, 66, 107, 95, 101, 62, 100, 104], 85.3, 19.590530592326715], "add_greedy": [8, 8, 0]}, "fake_brisbane": {"selectqa": [[36, 35, 34, 35, 36, 36, 35, 36, 34, 36], 35.3, 0.8232726023485646], "divga": [[101, 104, 104, 104, 104, 104, 105, 105, 105, 104], 104, 1.1547005383792515], "qaoa": [[101, 62, 96, 61, 97, 62, 93, 72, 94, 94], 83.2, 16.725230441860386], "add_greedy": [3, 3, 0]}, "depolarizing_sim/01": {"selectqa": [[36, 35, 34, 35, 36, 36, 35, 36, 34, 36], 35.3, 0.8232726023485646], "divga": [[90, 100, 100, 102, 101, 104, 105, 105, 99, 104], 101, 4.447221354708778], "qaoa": [[96, 61, 98, 62, 95, 90, 99, 96, 95, 97], 88.9, 14.63974802454681], "add_greedy": [8, 8, 0]}, "depolarizing_sim/02": {"selectqa": [[37, 36, 35, 36, 37, 37, 36, 37, 35, 37], 36.3, 0.8232726023485646], "divga": [[98, 101, 100, 103, 102, 105, 105, 105, 100, 104], 102.3, 2.496664441476534], "qaoa": [[93, 65, 60, 106, 61, 59, 94, 62, 61, 97], 75.8, 19.048476171191343], "add_greedy": [8, 8, 0]}, "depolarizing_sim/05": {"selectqa": [[36, 35, 34, 35, 36, 36, 35, 36, 34, 36], 35.3, 0.8232726023485646], "divga": [[101, 104, 104, 104, 104, 105, 105, 105, 105, 104], 104.1, 1.1972189997378648], "qaoa": [[60, 96, 61, 96, 62, 62, 93, 94, 99, 91], 81.4, 17.47506159582214], "add_greedy": [8, 8, 0]}}, "sed": {"statevector_sim": {"selectqa": [[83, 83, 83, 83, 83, 83, 83, 83, 83, 83], 83, 0.0], "divga": [[97, 105, 101, 85, 79, 105, 105, 105, 105, 105], 99.2, 9.542885657214313], "qaoa": [[123, 123, 121, 117, 115, 117, 123, 123, 121, 123], 120.6, 3.0983866769659336], "add_greedy": [83, 83, 0]}, "aer_sim": {"selectqa": [[84, 84, 84, 84, 84, 84, 84, 84, 84, 84], 84, 0.0], "divga": [[97, 105, 101, 85, 79, 105, 105, 105, 105, 105], 99.2, 9.542885657214313], "qaoa": [[123, 114, 113, 116, 125, 113, 114, 115, 115, 110], 115.8, 4.638007234913623], "add_greedy": [83, 83, 0]}, "fake_brisbane": {"selectqa": [[79, 79, 79, 79, 79, 79, 79, 79, 79, 79], 79, 0.0], "divga": [[97, 105, 101, 85, 79, 105, 105, 105, 105, 105], 99.2, 9.542885657214313], "qaoa": [[124, 124, 117, 113, 118, 119, 120, 115, 119, 113], 118.2, 3.910100879630715], "add_greedy": [83, 83, 0]}, "depolarizing_sim/01": {"selectqa": [[78, 78, 78, 78, 78, 78, 78, 78, 78, 78], 78, 0.0], "divga": [[97, 105, 101, 85, 79, 105, 105, 105, 105, 105], 99.2, 9.542885657214313], "qaoa": [[118, 125, 116, 120, 112, 114, 119, 115, 118, 114], 117.1, 3.7549966711037173], "add_greedy": [83, 83, 0]}, "depolarizing_sim/02": {"selectqa": [[87, 87, 87, 87, 87, 87, 87, 87, 87, 87], 87, 0.0], "divga": [[97, 105, 101, 85, 79, 105, 105, 105, 105, 105], 99.2, 9.542885657214313], "qaoa": [[111, 117, 119, 117, 114, 122, 123, 111, 114, 124], 117.2, 4.756282395129858], "add_greedy": [83, 83, 0]}, "depolarizing_sim/05": {"selectqa": [[78, 78, 78, 78, 78, 78, 78, 78, 78, 78], 78, 0.0], "divga": [[97, 105, 101, 85, 79, 105, 105, 105, 105, 105], 99.2, 9.542885657214313], "qaoa": [[121, 115, 122, 118, 119, 122, 121, 123, 113, 113], 118.7, 3.802046232695699], "add_greedy": [83, 83, 0]}}}