{
  "5": {
    "min": -0.29955299381886735,
    "max": -0.29955299381886735,
    "average": -0.29955299381886735,
    "median": -0.29955299381886735,
    "std_dev": 0.0,
    "count": 10
  },
  "28": {
    "min": -0.01741695897372942,
    "max": 0.0,
    "average": -0.0112632193339617,
    "median": -0.00870847948686471,
    "std_dev": 0.005604522690716861,
    "count": 10
  },
  "55": {
    "min": 0.0,
    "max": 0.012141330063324502,
    "average": 0.007450932091299474,
    "median": 0.00936201445217288,
    "std_dev": 0.004941932674624216,
    "count": 10
  },
  "43": {
    "min": 0.0,
    "max": 0.02780466235151967,
    "average": 0.002780466235151967,
    "median": 0.0,
    "std_dev": 0.0083413987054559,
    "count": 10
  },
  "58": {
    "min": 0.0,
    "max": 0.01927357111587555,
    "average": 0.00729057329330422,
    "median": 0.009636785557937774,
    "std_dev": 0.006605208079121252,
    "count": 10
  },
  "54": {
    "min": 0.0,
    "max": 0.027839327654999472,
    "average": 0.011429627545314661,
    "median": 0.008227390001054997,
    "std_dev": 0.009834013913349388,
    "count": 10
  },
  "41": {
    "min": 0.0,
    "max": 0.02319539263050819,
    "average": 0.0023195392630508188,
    "median": 0.0,
    "std_dev": 0.006958617789152457,
    "count": 10
  },
  "14": {
    "min": -0.12030659110142422,
    "max": -0.055955075047327454,
    "average": -0.11387143949601454,
    "median": -0.12030659110142422,
    "std_dev": 0.01930545481622903,
    "count": 10
  },
  "9": {
    "min": -0.11555749457014147,
    "max": 0.0,
    "average": -0.0928182921699914,
    "median": -0.11555749457014147,
    "std_dev": 0.038028687905626135,
    "count": 10
  },
  "34": {
    "min": 0.0,
    "max": 0.0,
    "average": 0.0,
    "median": 0.0,
    "std_dev": 0.0,
    "count": 10
  },
  "19": {
    "min": -0.00010887600022391371,
    "max": 0.00989571055527174,
    "average": 0.005392960227573874,
    "median": 0.005750114403599408,
    "std_dev": 0.0024950524039077664,
    "count": 10
  },
  "46": {
    "min": 0.0,
    "max": 0.057031814369054974,
    "average": 0.008907983581640935,
    "median": 0.0,
    "std_dev": 0.01724135718168249,
    "count": 10
  },
  "53": {
    "min": 0.0,
    "max": 0.02806367596471978,
    "average": 0.012690422946936513,
    "median": 0.010677903623809125,
    "std_dev": 0.009155582518722631,
    "count": 10
  },
  "35": {
    "min": 0.0,
    "max": 0.0,
    "average": 0.0,
    "median": 0.0,
    "std_dev": 0.0,
    "count": 10
  },
  "39": {
    "min": 0.0,
    "max": 0.0,
    "average": 0.0,
    "median": 0.0,
    "std_dev": 0.0,
    "count": 10
  },
  "56": {
    "min": 0.0,
    "max": 0.0502524962760664,
    "average": 0.01975313580702333,
    "median": 0.018265302828021496,
    "std_dev": 0.018490317337906022,
    "count": 10
  },
  "44": {
    "min": 0.0,
    "max": 0.04249134834919884,
    "average": 0.008498269669839768,
    "median": 0.0,
    "std_dev": 0.014093519302344069,
    "count": 10
  },
  "33": {
    "min": 0.0,
    "max": 0.0,
    "average": 0.0,
    "median": 0.0,
    "std_dev": 0.0,
    "count": 10
  },
  "38": {
    "min": 0.0,
    "max": 0.035141523628798715,
    "average": 0.0035141523628798715,
    "median": 0.0,
    "std_dev": 0.010542457088639615,
    "count": 10
  },
  "31": {
    "min": -0.012435960192889783,
    "max": 0.0,
    "average": -0.007682902548377961,
    "median": -0.008648464926381765,
    "std_dev": 0.0038870406208043654,
    "count": 10
  },
  "7": {
    "min": -0.1475677777253452,
    "max": -0.1475677777253452,
    "average": -0.1475677777253452,
    "median": -0.1475677777253452,
    "std_dev": 0.0,
    "count": 10
  },
  "4": {
    "min": -0.656092812137305,
    "max": -0.656092812137305,
    "average": -0.656092812137305,
    "median": -0.656092812137305,
    "std_dev": 0.0,
    "count": 10
  },
  "11": {
    "min": -0.13024117019436954,
    "max": -0.09596081118658428,
    "average": -0.126813134293591,
    "median": -0.13024117019436954,
    "std_dev": 0.010284107702335576,
    "count": 10
  },
  "37": {
    "min": 0.0,
    "max": 0.07423140258285131,
    "average": 0.007423140258285131,
    "median": 0.0,
    "std_dev": 0.022269420774855393,
    "count": 10
  },
  "15": {
    "min": -0.041068344340277285,
    "max": -0.041068344340277285,
    "average": -0.041068344340277285,
    "median": -0.041068344340277285,
    "std_dev": 0.0,
    "count": 10
  },
  "36": {
    "min": -0.041420488844810324,
    "max": -0.041420488844810324,
    "average": -0.041420488844810324,
    "median": -0.041420488844810324,
    "std_dev": 0.0,
    "count": 10
  },
  "8": {
    "min": -0.44070177407505484,
    "max": -0.44070177407505484,
    "average": -0.44070177407505484,
    "median": -0.44070177407505484,
    "std_dev": 0.0,
    "count": 10
  },
  "12": {
    "min": -0.17462796800142674,
    "max": -0.17462796800142674,
    "average": -0.17462796800142674,
    "median": -0.17462796800142674,
    "std_dev": 0.0,
    "count": 10
  },
  "29": {
    "min": -0.03744162613626126,
    "max": 0.0,
    "average": -0.026679048480737377,
    "median": -0.02969898966429589,
    "std_dev": 0.012004355025449644,
    "count": 10
  },
  "49": {
    "min": -0.046702028952220406,
    "max": -0.020827333451089988,
    "average": -0.036856886956772285,
    "median": -0.046702028952220406,
    "std_dev": 0.012136759087195335,
    "count": 10
  },
  "17": {
    "min": 0.006678042744904082,
    "max": 0.02030065091105734,
    "average": 0.014065617830995119,
    "median": 0.013856934611658404,
    "std_dev": 0.0042164114234771915,
    "count": 10
  },
  "45": {
    "min": 0.0,
    "max": 0.012353456197011075,
    "average": 0.0024706912394022148,
    "median": 0.0,
    "std_dev": 0.00494138247880443,
    "count": 10
  },
  "6": {
    "min": -0.2133261913239968,
    "max": -0.2133261913239968,
    "average": -0.2133261913239968,
    "median": -0.2133261913239968,
    "std_dev": 0.0,
    "count": 10
  },
  "10": {
    "min": -0.04210629899754348,
    "max": -0.02351119594493437,
    "average": -0.04024678869228257,
    "median": -0.04210629899754348,
    "std_dev": 0.005578530915782733,
    "count": 10
  },
  "16": {
    "min": -0.03158054818914993,
    "max": -0.03158054818914993,
    "average": -0.03158054818914993,
    "median": -0.03158054818914993,
    "std_dev": 0.0,
    "count": 10
  },
  "59": {
    "min": 0.0,
    "max": 0.0072958992524229434,
    "average": 0.0029183597009691774,
    "median": 0.0,
    "std_dev": 0.0035742460766378915,
    "count": 10
  },
  "18": {
    "min": -0.016750553178834483,
    "max": -0.008451832437390025,
    "average": -0.013467642974604458,
    "median": -0.014767318224342766,
    "std_dev": 0.0033847331841954137,
    "count": 10
  },
  "48": {
    "min": -0.06035327100538322,
    "max": 0.0,
    "average": -0.0543179439048449,
    "median": -0.06035327100538322,
    "std_dev": 0.018105981301614966,
    "count": 10
  },
  "60": {
    "min": 0.0,
    "max": 0.0,
    "average": 0.0,
    "median": 0.0,
    "std_dev": 0.0,
    "count": 10
  },
  "47": {
    "min": 0.0,
    "max": 0.02518290475515211,
    "average": 0.005036580951030422,
    "median": 0.0,
    "std_dev": 0.010073161902060845,
    "count": 10
  },
  "22": {
    "min": -0.03439881495905195,
    "max": -0.014810965519601198,
    "average": -0.030958933463146755,
    "median": -0.03439881495905195,
    "std_dev": 0.006962188579941634,
    "count": 10
  },
  "40": {
    "min": 0.0,
    "max": 0.013940042207624383,
    "average": 0.0027880084415248764,
    "median": 0.0,
    "std_dev": 0.005576016883049753,
    "count": 10
  },
  "32": {
    "min": -0.014134749480904409,
    "max": -0.0034683956992824453,
    "average": -0.008779239275601716,
    "median": -0.00916989605122491,
    "std_dev": 0.0034968313602859705,
    "count": 10
  },
  "13": {
    "min": -0.04658151587163578,
    "max": -0.04658151587163578,
    "average": -0.04658151587163578,
    "median": -0.04658151587163578,
    "std_dev": 0.0,
    "count": 10
  },