{
  "4": {
    "min": 0.0,
    "max": 0.05095610053304261,
    "average": 0.005095610053304261,
    "median": 0.0,
    "std_dev": 0.015286830159912782,
    "count": 10
  },
  "6": {
    "min": -0.09205800954201962,
    "max": -0.046447354370143454,
    "average": -0.087496944024832,
    "median": -0.09205800954201962,
    "std_dev": 0.013683196551562849,
    "count": 10
  },
  "8": {
    "min": -0.011544626831918176,
    "max": 0.0,
    "average": -0.00923570146553454,
    "median": -0.011544626831918176,
    "std_dev": 0.00461785073276727,
    "count": 10
  },
  "16": {
    "min": 0.0,
    "max": 0.0,
    "average": 0.0,
    "median": 0.0,
    "std_dev": 0.0,
    "count": 10
  },
  "14": {
    "min": -0.10796058288883605,
    "max": -0.10796058288883605,
    "average": -0.10796058288883605,
    "median": -0.10796058288883605,
    "std_dev": 0.0,
    "count": 10
  },
  "3": {
    "min": 0.0,
    "max": 0.028869125690033325,
    "average": 0.004387306671508049,
    "median": 0.0,
    "std_dev": 0.00930623482452192,
    "count": 10
  },
  "12": {
    "min": -0.21079571317960233,
    "max": -0.21079571317960233,
    "average": -0.21079571317960233,
    "median": -0.21079571317960233,
    "std_dev": 0.0,
    "count": 10
  },
  "15": {
    "min": 0.0,
    "max": 0.01224352491742553,
    "average": 0.001224352491742553,
    "median": 0.0,
    "std_dev": 0.003673057475227659,
    "count": 10
  },
  "11": {
    "min": 0.0,
    "max": 0.0,
    "average": 0.0,
    "median": 0.0,
    "std_dev": 0.0,
    "count": 10
  },
  "13": {
    "min": 0.0,
    "max": 0.004003613845907583,
    "average": 0.0016014455383630334,
    "median": 0.0,
    "std_dev": 0.001961362209923067,
    "count": 10
  },
  "17": {
    "min": 0.0,
    "max": 0.06779432437726407,
    "average": 0.025710559633479506,
    "median": 0.021337169254759418,
    "std_dev": 0.022073270448741477,
    "count": 10
  },
  "18": {
    "min": 0.0,
    "max": 0.06939163477896815,
    "average": 0.02226981787728196,
    "median": 0.015662490933445395,
    "std_dev": 0.02162327547758689,
    "count": 10
  },
  "19": {
    "min": -0.09074422163412446,
    "max": -0.046024097591632784,
    "average": -0.07589573517864244,
    "median": -0.08104694170004954,
    "std_dev": 0.016666680529226666,
    "count": 10
  },
  "20": {
    "min": -0.05397483910263577,
    "max": 0.0,
    "average": -0.035040390125012644,
    "median": -0.04026485286847377,
    "std_dev": 0.01719546454114495,
    "count": 10
  },
  "21": {
    "min": 0.0,
    "max": 0.041190634552211086,
    "average": 0.01159080116785969,
    "median": 0.0,
    "std_dev": 0.01773286463042142,
    "count": 10
  },
  "22": {
    "min": 0.0,
    "max": 0.05855818688001085,
    "average": 0.022612712009586616,
    "median": 0.029279093440005424,
    "std_dev": 0.0203463682863168,
    "count": 10
  },
  "23": {
    "min": -0.05656743694954441,
    "max": -0.02983252538758633,
    "average": -0.04202304032378627,
    "median": -0.03635153066232925,
    "std_dev": 0.010766161250157107,
    "count": 10
  },
  "24": {
    "min": -0.1075777412423236,
    "max": -0.0616571688743771,
    "average": -0.09191084918945733,
    "median": -0.09651421161501351,
    "std_dev": 0.015023428222976155,
    "count": 10
  },
  "25": {
    "min": -0.07471040948236199,
    "max": 0.0,
    "average": -0.06256948541823296,
    "median": -0.07471040948236199,
    "std_dev": 0.022494982273404112,
    "count": 10
  },
  "26": {
    "min": -0.005463516219352434,
    "max": 0.05374389345430661,
    "average": 0.009238273873552194,
    "median": 0.002113297579786271,
    "std_dev": 0.01696975332301167,
    "count": 10
  },
  "27": {
    "min": 0.0,
    "max": 0.04088265951463286,
    "average": 0.007987549646596806,
    "median": 0.003896502011117388,
    "std_dev": 0.01157034491819655,
    "count": 10
  },
  "28": {
    "min": 0.0,
    "max": 0.044421460102333346,
    "average": 0.015803222037728562,
    "median": 0.017079441275626366,
    "std_dev": 0.015432780071375734,
    "count": 10
  },
  "29": {
    "min": -0.18135626414650008,
    "max": -0.14252482425850738,
    "average": -0.17057732543250503,
    "median": -0.18135626414650008,
    "std_dev": 0.016504516594206355,
    "count": 10
  },
  "30": {
    "min": -0.11224863726291823,
    "max": -0.02351679393524856,
    "average": -0.10115333357428222,
    "median": -0.11224863726291823,
    "std_dev": 0.026713412032288768,
    "count": 10
  }
}