{
  "5": {
    "min": -0.29955299381886735,
    "max": -0.29955299381886735,
    "average": -0.29955299381886735,
    "median": -0.29955299381886735,
    "std_dev": 0.0,
    "count": 10
  },
  "28": {
    "min": -0.01741695897372942,
    "max": 0.0,
    "average": -0.013004915231334643,
    "median": -0.01741695897372942,
    "std_dev": 0.005885414857863603,
    "count": 10
  },
  "55": {
    "min": 0.0,
    "max": 0.022373271126044855,
    "average": 0.0088455455529853,
    "median": 0.006940591642209725,
    "std_dev": 0.008280162184658598,
    "count": 10
  },
  "43": {
    "min": 0.0,
    "max": 0.0287791405414662,
    "average": 0.008536294343445206,
    "median": 0.0,
    "std_dev": 0.013041832301918299,
    "count": 10
  },
  "58": {
    "min": 0.0,
    "max": 0.042574560348268994,
    "average": 0.00991038843954863,
    "median": 0.00950735894738723,
    "std_dev": 0.0123681812745836,
    "count": 10
  },
  "54": {
    "min": 0.0,
    "max": 0.03164564030993052,
    "average": 0.015313349725844893,
    "median": 0.01370223423474947,
    "std_dev": 0.011007699749009697,
    "count": 10
  },
  "41": {
    "min": 0.0,
    "max": 0.02319539263050819,
    "average": 0.005576474078502025,
    "median": 0.0,
    "std_dev": 0.008703084668129413,
    "count": 10
  },
  "14": {
    "min": -0.12030659110142422,
    "max": -0.055955075047327454,
    "average": -0.11387143949601454,
    "median": -0.12030659110142422,
    "std_dev": 0.01930545481622903,
    "count": 10
  },
  "9": {
    "min": -0.11555749457014147,
    "max": -0.05606890248988106,
    "average": -0.09733868170643692,
    "median": -0.10340159833143284,
    "std_dev": 0.02017779016375553,
    "count": 10
  },
  "34": {
    "min": 0.0,
    "max": 0.0,
    "average": 0.0,
    "median": 0.0,
    "std_dev": 0.0,
    "count": 10
  },
  "19": {
    "min": 0.0,
    "max": 0.015641864712984475,
    "average": 0.007513711982524823,
    "median": 0.00776649435638028,
    "std_dev": 0.004705873792287649,
    "count": 10
  },
  "46": {
    "min": 0.0,
    "max": 0.0,
    "average": 0.0,
    "median": 0.0,
    "std_dev": 0.0,
    "count": 10
  },
  "53": {
    "min": 0.0,
    "max": 0.03987317312072379,
    "average": 0.018668853995680607,
    "median": 0.013896368631026938,
    "std_dev": 0.014167833505210472,
    "count": 10
  },
  "35": {
    "min": 0.0,
    "max": 0.0,
    "average": 0.0,
    "median": 0.0,
    "std_dev": 0.0,
    "count": 10
  },
  "39": {
    "min": 0.0,
    "max": 0.028874577989676846,
    "average": 0.005774915597935369,
    "median": 0.0,
    "std_dev": 0.011549831195870738,
    "count": 10
  },
  "56": {
    "min": 0.0,
    "max": 0.036399816873094445,
    "average": 0.012936679052807166,
    "median": 0.013852679402971954,
    "std_dev": 0.012453924959757983,
    "count": 10
  },
  "44": {
    "min": 0.0,
    "max": 0.02156716310845977,
    "average": 0.004249134834919884,
    "median": 0.0,
    "std_dev": 0.00849948577316519,
    "count": 10
  },
  "33": {
    "min": 0.0,
    "max": 0.0,
    "average": 0.0,
    "median": 0.0,
    "std_dev": 0.0,
    "count": 10
  },
  "38": {
    "min": 0.0,
    "max": 0.06930070366826023,
    "average": 0.013860140733652045,
    "median": 0.0,
    "std_dev": 0.027720281467304094,
    "count": 10
  },
  "31": {
    "min": -0.012435960192889783,
    "max": -0.003646128552687237,
    "average": -0.007713731104650086,
    "median": -0.00747875504102597,
    "std_dev": 0.0032504873634232397,
    "count": 10
  },
  "7": {
    "min": -0.1475677777253452,
    "max": -0.1475677777253452,
    "average": -0.1475677777253452,
    "median": -0.1475677777253452,
    "std_dev": 0.0,
    "count": 10
  },
  "4": {
    "min": -0.656092812137305,
    "max": -0.656092812137305,
    "average": -0.656092812137305,
    "median": -0.656092812137305,
    "std_dev": 0.0,
    "count": 10
  },
  "11": {
    "min": -0.13024117019436954,
    "max": -0.07229234087903358,
    "average": -0.12101825136205742,
    "median": -0.13024117019436954,
    "std_dev": 0.019190069084936635,
    "count": 10
  },
  "37": {
    "min": 0.0,
    "max": 0.0,
    "average": 0.0,
    "median": 0.0,
    "std_dev": 0.0,
    "count": 10
  },
  "15": {
    "min": -0.041068344340277285,
    "max": -0.041068344340277285,
    "average": -0.041068344340277285,
    "median": -0.041068344340277285,
    "std_dev": 0.0,
    "count": 10
  },
  "36": {
    "min": -0.041420488844810324,
    "max": -0.041420488844810324,
    "average": -0.041420488844810324,
    "median": -0.041420488844810324,
    "std_dev": 0.0,
    "count": 10
  },
  "8": {
    "min": -0.44070177407505484,
    "max": -0.2621619584125706,
    "average": -0.413961138445806,
    "median": -0.44070177407505484,
    "std_dev": 0.05711664545627263,
    "count": 10
  },
  "12": {
    "min": -0.17462796800142674,
    "max": -0.17462796800142674,
    "average": -0.17462796800142674,
    "median": -0.17462796800142674,
    "std_dev": 0.0,
    "count": 10
  },
  "29": {
    "min": -0.03744162613626126,
    "max": -0.00774263647196537,
    "average": -0.029001839422326987,
    "median": -0.03744162613626126,
    "std_dev": 0.011872325465973034,
    "count": 10
  },
  "49": {
    "min": -0.046702028952220406,
    "max": -0.025874695501130415,
    "average": -0.044619295607111406,
    "median": -0.046702028952220406,
    "std_dev": 0.006248200035326997,
    "count": 10
  },
  "17": {
    "min": 0.0033392651595735004,
    "max": 0.022292553193606145,
    "average": 0.014394884483672665,
    "median": 0.013018395827714772,
    "std_dev": 0.005333383648073548,
    "count": 10
  },
  "45": {
    "min": 0.0,
    "max": 0.02781585004094496,
    "average": 0.005252276243496711,
    "median": 0.0,
    "std_dev": 0.008961435242991388,
    "count": 10
  },
  "6": {
    "min": -0.2133261913239968,
    "max": -0.2133261913239968,
    "average": -0.2133261913239968,
    "median": -0.2133261913239968,
    "std_dev": 0.0,
    "count": 10
  },
  "10": {
    "min": -0.04210629899754348,
    "max": 0.0,
    "average": -0.029966018587512962,
    "median": -0.04210629899754348,
    "std_dev": 0.016623996093820703,
    "count": 10
  },
  "16": {
    "min": -0.03158054818914993,
    "max": -0.03158054818914993,
    "average": -0.03158054818914993,
    "median": -0.03158054818914993,
    "std_dev": 0.0,
    "count": 10
  },
  "59": {
    "min": 0.0,
    "max": 0.0072958992524229434,
    "average": 0.002188769775726883,
    "median": 0.0,
    "std_dev": 0.0033434010586999865,
    "count": 10
  },
  "18": {
    "min": -0.016750553178834483,
    "max": 0.0,
    "average": -0.012356935803879412,
    "median": -0.014767318224342766,
    "std_dev": 0.005268336816124076,
    "count": 10
  },
  "48": {
    "min": -0.06035327100538322,
    "max": -0.031254818277317575,
    "average": -0.05744342573257666,
    "median": -0.06035327100538322,
    "std_dev": 0.008729535818419695,
    "count": 10
  },
  "60": {
    "min": 0.0,
    "max": 0.0,
    "average": 0.0,
    "median": 0.0,
    "std_dev": 0.0,
    "count": 10
  },
  "47": {
    "min": 0.0,
    "max": 0.0,
    "average": 0.0,
    "median": 0.0,
    "std_dev": 0.0,
    "count": 10
  },
  "22": {
    "min": -0.03439881495905195,
    "max": 0.0,
    "average": -0.027996740359226516,
    "median": -0.03439881495905195,
    "std_dev": 0.011009733321091057,
    "count": 10
  },
  "40": {
    "min": 0.0,
    "max": 0.013940042207624383,
    "average": 0.0027880084415248764,
    "median": 0.0,
    "std_dev": 0.005576016883049753,
    "count": 10
  },
  "32": {
    "min": -0.013751569926786548,
    "max": 0.0005114395948195303,
    "average": -0.005556749066858415,
    "median": -0.006015030090488346,
    "std_dev": 0.0036215205305053116,
    "count": 10
  },
  "13": {
    "min": -0.04658151587163578,
    "max": 0.0,
    "average": -0.037265212697308626,
    "median": -0.04658151587163578,
    "std_dev": 0.018632606348654313,
    "count": 10
  },
  "2": {
    "min": -0.662189507605671,
    "max": -0.662189507605671,