{
  "4": {
    "min": 0.0,
    "max": 0.05095610053304261,
    "average": 0.005095610053304261,
    "median": 0.0,
    "std_dev": 0.015286830159912782,
    "count": 10
  },
  "6": {
    "min": -0.09205800954201962,
    "max": -0.09205800954201962,
    "average": -0.09205800954201962,
    "median": -0.09205800954201962,
    "std_dev": 0.0,
    "count": 10
  },
  "8": {
    "min": -0.011544626831918176,
    "max": 0.0,
    "average": -0.008081238782342723,
    "median": -0.011544626831918176,
    "std_dev": 0.005290412632728327,
    "count": 10
  },
  "16": {
    "min": 0.0,
    "max": 0.0,
    "average": 0.0,
    "median": 0.0,
    "std_dev": 0.0,
    "count": 10
  },
  "14": {
    "min": -0.10796058288883605,
    "max": -0.10796058288883605,
    "average": -0.10796058288883605,
    "median": -0.10796058288883605,
    "std_dev": 0.0,
    "count": 10
  },
  "3": {
    "min": 0.0,
    "max": 0.015003941025047172,
    "average": 0.0015003941025047173,
    "median": 0.0,
    "std_dev": 0.004501182307514152,
    "count": 10
  },
  "12": {
    "min": -0.21079571317960233,
    "max": -0.21079571317960233,
    "average": -0.21079571317960233,
    "median": -0.21079571317960233,
    "std_dev": 0.0,
    "count": 10
  },
  "15": {
    "min": 0.0,
    "max": 0.01224352491742553,
    "average": 0.001224352491742553,
    "median": 0.0,
    "std_dev": 0.003673057475227659,
    "count": 10
  },
  "11": {
    "min": 0.0,
    "max": 0.0,
    "average": 0.0,
    "median": 0.0,
    "std_dev": 0.0,
    "count": 10
  },
  "13": {
    "min": 0.0,
    "max": 0.004003613845907583,
    "average": 0.0016014455383630334,
    "median": 0.0,
    "std_dev": 0.001961362209923067,
    "count": 10
  },
  "17": {
    "min": 0.0,
    "max": 0.08316224164103447,
    "average": 0.019453109850674857,
    "median": 0.01651941191584589,
    "std_dev": 0.023663215393331414,
    "count": 10
  },
  "18": {
    "min": 0.0,
    "max": 0.06149554624267957,
    "average": 0.022453374259438184,
    "median": 0.01746642109814824,
    "std_dev": 0.019584267490707453,
    "count": 10
  },
  "19": {
    "min": -0.09074422163412446,
    "max": -0.0446311045825675,
    "average": -0.08169680075171268,
    "median": -0.08935122862505918,
    "std_dev": 0.014204818997275007,
    "count": 10
  },
  "20": {
    "min": -0.05397483910263577,
    "max": -0.01768184015262341,
    "average": -0.04570130366816376,
    "median": -0.04843550155790531,
    "std_dev": 0.010884890945709803,
    "count": 10
  },
  "21": {
    "min": 0.0,
    "max": 0.07690707177879642,
    "average": 0.011297838696701108,
    "median": 0.0,
    "std_dev": 0.024370937357495508,
    "count": 10
  },
  "22": {
    "min": 0.0,
    "max": 0.09076780182290253,
    "average": 0.025797394826152564,
    "median": 0.0,
    "std_dev": 0.03407233317583346,
    "count": 10
  },
  "23": {
    "min": -0.05656743694954441,
    "max": -0.03437192808869214,
    "average": -0.04789240466346279,
    "median": -0.049510787176924705,
    "std_dev": 0.00846850267212994,
    "count": 10
  },
  "24": {
    "min": -0.1075777412423236,
    "max": -0.05175905297876045,
    "average": -0.08634021950983152,
    "median": -0.09854346123303598,
    "std_dev": 0.02054189761792766,
    "count": 10
  },
  "25": {
    "min": -0.07471040948236199,
    "max": -0.03298378112354171,
    "average": -0.06676448084484975,
    "median": -0.06999382723032423,
    "std_dev": 0.01210649439480536,
    "count": 10
  },
  "26": {
    "min": -0.005463516219352434,
    "max": 0.03694322386077993,
    "average": 0.00717655949178921,
    "median": -0.00042182895652285654,
    "std_dev": 0.015461071703958013,
    "count": 10
  },
  "27": {
    "min": 0.0,
    "max": 0.04242533045531271,
    "average": 0.010579081401705782,
    "median": 0.003896502011117388,
    "std_dev": 0.012981284903628935,
    "count": 10
  },
  "28": {
    "min": 0.0,
    "max": 0.06812453055121312,
    "average": 0.021279083001097477,
    "median": 0.009893761648915759,
    "std_dev": 0.02442083326073199,
    "count": 10
  },
  "29": {
    "min": -0.18135626414650008,
    "max": -0.1145340790623828,
    "average": -0.1673002310644458,
    "median": -0.18135626414650008,
    "std_dev": 0.02283821927458835,
    "count": 10
  },
  "30": {
    "min": -0.11224863726291823,
    "max": -0.08873184332766967,
    "average": -0.10754527847586852,
    "median": -0.11224863726291823,
    "std_dev": 0.009406717574099421,
    "count": 10
  }
}