{
  "5": {
    "min": -0.29955299381886735,
    "max": -0.29955299381886735,
    "average": -0.29955299381886735,
    "median": -0.29955299381886735,
    "std_dev": 0.0,
    "count": 10
  },
  "28": {
    "min": -0.01741695897372942,
    "max": -0.008515799490323302,
    "average": -0.011378827331886545,
    "median": -0.00890115948340612,
    "std_dev": 0.003955567568033354,
    "count": 10
  },
  "55": {
    "min": 0.0,
    "max": 0.022373271126044855,
    "average": 0.007104419415686671,
    "median": 0.002461286589583011,
    "std_dev": 0.008270710755432219,
    "count": 10
  },
  "43": {
    "min": 0.0,
    "max": 0.05658380289298587,
    "average": 0.005658380289298587,
    "median": 0.0,
    "std_dev": 0.016975140867895762,
    "count": 10
  },
  "58": {
    "min": 0.0,
    "max": 0.042574560348268994,
    "average": 0.01271111316005419,
    "median": 0.00950735894738723,
    "std_dev": 0.012963637564221944,
    "count": 10
  },
  "54": {
    "min": 0.0,
    "max": 0.03164564030993052,
    "average": 0.013071858861901473,
    "median": 0.010540710035259419,
    "std_dev": 0.01126921574704668,
    "count": 10
  },
  "41": {
    "min": 0.0,
    "max": 0.0,
    "average": 0.0,
    "median": 0.0,
    "std_dev": 0.0,
    "count": 10
  },
  "14": {
    "min": -0.12030659110142422,
    "max": -0.12030659110142422,
    "average": -0.12030659110142422,
    "median": -0.12030659110142422,
    "std_dev": 0.0,
    "count": 10
  },
  "9": {
    "min": -0.11555749457014147,
    "max": -0.06321155721904263,
    "average": -0.10228489261255355,
    "median": -0.11555749457014147,
    "std_dev": 0.02122377903645632,
    "count": 10
  },
  "34": {
    "min": 0.0,
    "max": 0.05908370871931913,
    "average": 0.005908370871931913,
    "median": 0.0,
    "std_dev": 0.01772511261579574,
    "count": 10
  },
  "19": {
    "min": -0.00010887600022391371,
    "max": 0.014235214472337741,
    "average": 0.0076449471839245674,
    "median": 0.0067171450687096325,
    "std_dev": 0.004095985038761474,
    "count": 10
  },
  "46": {
    "min": 0.0,
    "max": 0.02017842496462996,
    "average": 0.002017842496462996,
    "median": 0.0,
    "std_dev": 0.006053527489388988,
    "count": 10
  },
  "53": {
    "min": 0.0,
    "max": 0.04824575203410284,
    "average": 0.015428356619392276,
    "median": 0.014462165397124381,
    "std_dev": 0.01403042731974363,
    "count": 10
  },
  "35": {
    "min": 0.0,
    "max": 0.05434185426103961,
    "average": 0.010868370852207921,
    "median": 0.0,
    "std_dev": 0.021736741704415842,
    "count": 10
  },
  "39": {
    "min": 0.0,
    "max": 0.028874577989676846,
    "average": 0.005774915597935369,
    "median": 0.0,
    "std_dev": 0.011549831195870738,
    "count": 10
  },
  "56": {
    "min": 0.0,
    "max": 0.0515397242290099,
    "average": 0.015448838390408117,
    "median": 0.007504559286483457,
    "std_dev": 0.017904830191043632,
    "count": 10
  },
  "44": {
    "min": 0.0,
    "max": 0.043875891336989895,
    "average": 0.01322706518786904,
    "median": 0.010462092620369536,
    "std_dev": 0.014601599171895524,
    "count": 10
  },
  "33": {
    "min": 0.0,
    "max": 0.057019184772078804,
    "average": 0.00570191847720788,
    "median": 0.0,
    "std_dev": 0.01710575543162364,
    "count": 10
  },
  "38": {
    "min": 0.0,
    "max": 0.034159180039461515,
    "average": 0.0034159180039461516,
    "median": 0.0,
    "std_dev": 0.010247754011838453,
    "count": 10
  },
  "31": {
    "min": -0.011195566950623598,
    "max": -0.003646128552687237,
    "average": -0.007835375738481507,
    "median": -0.008111727729698901,
    "std_dev": 0.0024381675317699278,
    "count": 10
  },
  "7": {
    "min": -0.1475677777253452,
    "max": -0.1475677777253452,
    "average": -0.1475677777253452,
    "median": -0.1475677777253452,
    "std_dev": 0.0,
    "count": 10
  },
  "4": {
    "min": -0.656092812137305,
    "max": -0.656092812137305,
    "average": -0.656092812137305,
    "median": -0.656092812137305,
    "std_dev": 0.0,
    "count": 10
  },
  "11": {
    "min": -0.13024117019436954,
    "max": -0.05794882931533595,
    "average": -0.11721705317493258,
    "median": -0.13024117019436954,
    "std_dev": 0.022823845811748348,
    "count": 10
  },
  "37": {
    "min": 0.0,
    "max": 0.0,
    "average": 0.0,
    "median": 0.0,
    "std_dev": 0.0,
    "count": 10
  },
  "15": {
    "min": -0.041068344340277285,
    "max": 0.0,
    "average": -0.03696150990624956,
    "median": -0.041068344340277285,
    "std_dev": 0.012320503302083187,
    "count": 10
  },
  "36": {
    "min": -0.041420488844810324,
    "max": 0.0,
    "average": -0.03727843996032929,
    "median": -0.041420488844810324,
    "std_dev": 0.012426146653443097,
    "count": 10
  },
  "8": {
    "min": -0.44070177407505484,
    "max": -0.44070177407505484,
    "average": -0.44070177407505484,
    "median": -0.44070177407505484,
    "std_dev": 0.0,
    "count": 10
  },
  "12": {
    "min": -0.17462796800142674,
    "max": -0.12059289535956938,
    "average": -0.15841744620886952,
    "median": -0.17462796800142674,
    "std_dev": 0.02476198105637488,
    "count": 10
  },
  "29": {
    "min": -0.03744162613626126,
    "max": -0.024999887810750934,
    "average": -0.03169066715886059,
    "median": -0.033570307900278575,
    "std_dev": 0.005902546384243371,
    "count": 10
  },
  "49": {
    "min": -0.046702028952220406,
    "max": -0.020827333451089988,
    "average": -0.039444356506885325,
    "median": -0.046702028952220406,
    "std_dev": 0.011162613762007393,
    "count": 10
  },
  "17": {
    "min": 0.0033392651595735004,
    "max": 0.030591775245218417,
    "average": 0.016306656641104866,
    "median": 0.01547233846582789,
    "std_dev": 0.007984270877363746,
    "count": 10
  },
  "45": {
    "min": 0.0,
    "max": 0.0,
    "average": 0.0,
    "median": 0.0,
    "std_dev": 0.0,
    "count": 10
  },
  "6": {
    "min": -0.2133261913239968,
    "max": -0.2133261913239968,
    "average": -0.2133261913239968,
    "median": -0.2133261913239968,
    "std_dev": 0.0,
    "count": 10
  },
  "10": {
    "min": -0.04210629899754348,
    "max": 0.0,
    "average": -0.03603615879252822,
    "median": -0.04210629899754348,
    "std_dev": 0.01322970994286064,
    "count": 10
  },
  "16": {
    "min": -0.03158054818914993,
    "max": 0.0,
    "average": -0.02842249337023494,
    "median": -0.03158054818914993,
    "std_dev": 0.00947416445674498,
    "count": 10
  },
  "59": {
    "min": 0.0,
    "max": 0.0072958992524229434,
    "average": 0.002188769775726883,
    "median": 0.0,
    "std_dev": 0.0033434010586999865,
    "count": 10
  },
  "18": {
    "min": -0.016750553178834483,
    "max": 0.0,
    "average": -0.010895515151039693,
    "median": -0.008451832437390025,
    "std_dev": 0.005359473571728932,
    "count": 10
  },
  "48": {
    "min": -0.06035327100538322,
    "max": -0.031254818277317575,
    "average": -0.05744342573257666,
    "median": -0.06035327100538322,
    "std_dev": 0.008729535818419695,
    "count": 10
  },
  "60": {
    "min": 0.0,
    "max": 0.0,
    "average": 0.0,
    "median": 0.0,
    "std_dev": 0.0,
    "count": 10
  },
  "47": {
    "min": 0.0,
    "max": 0.0,
    "average": 0.0,
    "median": 0.0,
    "std_dev": 0.0,
    "count": 10
  },
  "22": {
    "min": -0.03439881495905195,
    "max": 0.0,
    "average": -0.02751905196724156,
    "median": -0.03439881495905195,
    "std_dev": 0.011458689399916835,
    "count": 10
  },
  "40": {
    "min": 0.0,
    "max": 0.013940042207624383,
    "average": 0.0027880084415248764,
    "median": 0.0,
    "std_dev": 0.005576016883049753,
    "count": 10
  },
  "32": {
    "min": -0.011560972930559353,
    "max": 0.0005114395948195303,
    "average": -0.007686660650931913,
    "median": -0.007513655810040409,
    "std_dev": 0.003527350611479041,
    "count": 10
  },
  "13": {
    "min": -0.04658151587163578,
    "max": -0.04658151587163578,
    "average": -0.04658151587163578,