{
  "4": {
    "min": 0.0,
    "max": 0.0,
    "average": 0.0,
    "median": 0.0,
    "std_dev": 0.0,
    "count": 10
  },
  "6": {
    "min": -0.09205800954201962,
    "max": -0.09205800954201962,
    "average": -0.09205800954201962,
    "median": -0.09205800954201962,
    "std_dev": 0.0,
    "count": 10
  },
  "8": {
    "min": -0.011544626831918176,
    "max": -0.011544626831918176,
    "average": -0.011544626831918176,
    "median": -0.011544626831918176,
    "std_dev": 0.0,
    "count": 10
  },
  "16": {
    "min": 0.0,
    "max": 0.0,
    "average": 0.0,
    "median": 0.0,
    "std_dev": 0.0,
    "count": 10
  },
  "14": {
    "min": -0.10796058288883605,
    "max": -0.10796058288883605,
    "average": -0.10796058288883605,
    "median": -0.10796058288883605,
    "std_dev": 0.0,
    "count": 10
  },
  "3": {
    "min": 0.0,
    "max": 0.015003941025047172,
    "average": 0.0030007882050094347,
    "median": 0.0,
    "std_dev": 0.0060015764100188685,
    "count": 10
  },
  "12": {
    "min": -0.21079571317960233,
    "max": -0.21079571317960233,
    "average": -0.21079571317960233,
    "median": -0.21079571317960233,
    "std_dev": 0.0,
    "count": 10
  },
  "15": {
    "min": 0.0,
    "max": 0.01224352491742553,
    "average": 0.004897409966970212,
    "median": 0.0,
    "std_dev": 0.005998077740148819,
    "count": 10
  },
  "11": {
    "min": 0.0,
    "max": 0.0,
    "average": 0.0,
    "median": 0.0,
    "std_dev": 0.0,
    "count": 10
  },
  "13": {
    "min": 0.0,
    "max": 0.004003613845907583,
    "average": 0.00040036138459075834,
    "median": 0.0,
    "std_dev": 0.001201084153772275,
    "count": 10
  },
  "17": {
    "min": 0.0,
    "max": 0.07000982817769084,
    "average": 0.03132011425441598,
    "median": 0.02628823666636714,
    "std_dev": 0.023958886475960478,
    "count": 10
  },
  "18": {
    "min": 0.0,
    "max": 0.09018253064644505,
    "average": 0.018495915223778997,
    "median": 0.015494304057837575,
    "std_dev": 0.02576462771320539,
    "count": 10
  },
  "19": {
    "min": -0.09074422163412446,
    "max": -0.04418806789881379,
    "average": -0.08119869595362464,
    "median": -0.08935122862505918,
    "std_dev": 0.015192696591940396,
    "count": 10
  },
  "20": {
    "min": -0.05397483910263577,
    "max": -0.0347255153237433,
    "average": -0.04917385520053809,
    "median": -0.05120517033027054,
    "std_dev": 0.006160642438485559,
    "count": 10
  },
  "21": {
    "min": 0.0,
    "max": 0.11187887580972172,
    "average": 0.025947418884602877,
    "median": 0.0,
    "std_dev": 0.040837061521335254,
    "count": 10
  },
  "22": {
    "min": 0.0,
    "max": 0.03220961494289169,
    "average": 0.00637475023618074,
    "median": 0.0,
    "std_dev": 0.01275038521724222,
    "count": 10
  },
  "23": {
    "min": -0.05318550060931247,
    "max": -0.018360094354472146,
    "average": -0.039233802531503076,
    "median": -0.03915887651075894,
    "std_dev": 0.009248856483362825,
    "count": 10
  },
  "24": {
    "min": -0.1075777412423236,
    "max": -0.0578488594916834,
    "average": -0.0921263758049369,
    "median": -0.09848091376969817,
    "std_dev": 0.015055892726440721,
    "count": 10
  },
  "25": {
    "min": -0.07471040948236199,
    "max": -0.023327290712118524,
    "average": -0.06629605208371823,
    "median": -0.07471040948236199,
    "std_dev": 0.01601673460716784,
    "count": 10
  },
  "26": {
    "min": -0.005463516219352434,
    "max": 0.0314797076414275,
    "average": 0.003193840800208301,
    "median": -0.00042182895652285654,
    "std_dev": 0.011194016388299926,
    "count": 10
  },
  "27": {
    "min": 0.0015426709406798494,
    "max": 0.04242533045531271,
    "average": 0.015680184672394678,
    "median": 0.01136125475536661,
    "std_dev": 0.012651469173343699,
    "count": 10
  },
  "28": {
    "min": 0.0,
    "max": 0.040446581665776506,
    "average": 0.009526452258497423,
    "median": 0.0,
    "std_dev": 0.013241116946146577,
    "count": 10
  },
  "29": {
    "min": -0.18135626414650008,
    "max": -0.13970486637563495,
    "average": -0.17719112436941356,
    "median": -0.18135626414650008,
    "std_dev": 0.012495419331259538,
    "count": 10
  },
  "30": {
    "min": -0.11224863726291823,
    "max": -0.07155072053054938,
    "average": -0.10595672623381229,
    "median": -0.11224863726291823,
    "std_dev": 0.01324469865850396,
    "count": 10
  }
}