"Simulator","P_Value","Normal"
"depolarizing_01",0.709026223280202,TRUE
"depolarizing_02",0.491146964666875,TRUE
"depolarizing_05",0.0971731813773026,TRUE
"fake_brisbane",0.299384262511183,TRUE
"ideal",0.00373661269931538,FALSE
"sampling_noise",0.140766031096587,TRUE
