,best_itr,best_fval,best_solution,total_qaoa,total_impact,total_exe,execution_times,final_test_suite_costs,final_failure_rates
0,7,0.14087067948028822,"[0, 0, 0, 0, 0, 0, 0, 0, 0, 0, 0, 1, 1, 1, 0, 0, 0, 0, 1, 1, 0, 0, 0, 0, 1, 0, 1, 0, 1, 0, 0, 1, 0, 0, 0, 0, 0, 0, 0, 1, 0, 0, 0, 0, 0, 0, 0, 1, 0, 0, 0, 0, 0, 0, 1, 0, 0, 0, 0, 1, 1, 1, 1, 0, 1, 1, 0, 1, 0, 1, 1, 0, 0, 0, 1, 1, 1, 1, 1, 1, 1, 0, 1, 0, 1, 0, 1, 0, 0]",12.717225790023804,0.0015358924865722656,12.769771814346313,"[1.2964632511138916, 1.3110628128051758, 1.2616093158721924, 1.263869047164917, 1.2589235305786133, 1.2686755657196045, 1.2651045322418213, 1.2673430442810059, 1.2631609439849854, 1.262549638748169]","[np.float64(1059198.0), np.float64(875514.0), np.float64(770537.0), np.float64(719863.0), np.float64(673247.0), np.float64(651225.0), np.float64(676024.0), np.float64(677868.0), np.float64(677868.0), np.float64(677868.0)]","[np.float64(10.013852688327978), np.float64(10.007973668366416), np.float64(9.881186275578436), np.float64(9.897999007400655), np.float64(9.941382094353536), np.float64(9.733273872760426), np.float64(9.989694855966789), np.float64(10.141010645440474), np.float64(10.141010645440474), np.float64(10.141010645440474)]"
