,best_itr,best_fval,best_solution,total_qaoa,total_impact,total_exe,execution_times,final_test_suite_costs,final_failure_rates
0,7,0.10598059490031167,"[0, 0, 0, 0, 0, 0, 0, 0, 0, 0, 0, 1, 0, 1, 0, 0, 0, 0, 1, 1, 0, 0, 0, 0, 1, 0, 1, 0, 1, 0, 0, 0, 0, 0, 0, 0, 0, 0, 0, 1, 0, 0, 0, 1, 0, 0, 0, 0, 0, 0, 1, 0, 0, 0, 1, 0, 0, 0, 0, 1, 1, 1, 1, 0, 1, 0, 0, 1, 0, 1, 1, 0, 0, 0, 1, 1, 1, 1, 1, 1, 1, 0, 0, 0, 1, 0, 0, 0, 0]",20.86103320121765,0.003410816192626953,20.91875457763672,"[2.1987061500549316, 2.1025798320770264, 2.077991247177124, 2.1202542781829834, 2.1027212142944336, 2.0472280979156494, 2.042236089706421, 2.065138816833496, 2.0670530796051025, 2.0405352115631104]","[831020.0, 550170.0, 436104.0, 328096.0, 469462.0, 381226.0, 437339.0, 437339.0, 437339.0, 437339.0]","[9.211983534256387, 7.926219812619437, 8.077056672354804, 7.63962577650942, 9.020671295712834, 7.877222860896136, 8.517955602435329, 8.517955602435329, 8.517955602435329, 8.517955602435329]"
