{
  "paintcontrol": {
    "0": {
      "4": 0.0,
      "6": -0.09205800954201962,
      "8": -0.011544626831918176,
      "16": 0.0,
      "14": -0.10796058288883605,
      "3": 0.0,
      "12": -0.21079571317960233,
      "15": 0.0,
      "11": 0.0,
      "13": 0.0,
      "17": 0.0,
      "18": 0.0,
      "19": -0.09074422163412446,
      "20": -0.05397483910263577,
      "21": 0.0,
      "22": 0.0,
      "23": -0.05656743694954441,
      "24": -0.1075777412423236,
      "25": -0.07471040948236199,
      "26": -0.005463516219352434,
      "27": 0.0,
      "28": 0.0,
      "29": -0.18135626414650008,
      "30": -0.11224863726291823
    },
    "1": {
      "4": 0.0,
      "6": -0.09205800954201962,
      "8": -0.011544626831918176,
      "16": 0.0,
      "14": -0.10796058288883605,
      "3": 0.0,
      "12": -0.21079571317960233,
      "15": 0.0,
      "11": 0.0,
      "13": 0.0,
      "17": 0.0,
      "18": 0.0,
      "19": -0.09074422163412446,
      "20": -0.05397483910263577,
      "21": 0.0,
      "22": 0.0,
      "23": -0.05656743694954441,
      "24": -0.1075777412423236,
      "25": -0.07471040948236199,
      "26": -0.005463516219352434,
      "27": 0.0,
      "28": 0.0,
      "29": -0.18135626414650008,
      "30": -0.11224863726291823
    },
    "2": {
      "4": 0.0,
      "6": -0.09205800954201962,
      "8": -0.011544626831918176,
      "16": 0.0,
      "14": -0.10796058288883605,
      "3": 0.0,
      "12": -0.21079571317960233,
      "15": 0.0,
      "11": 0.0,
      "13": 0.0,
      "17": 0.0,
      "18": 0.0,
      "19": -0.09074422163412446,
      "20": -0.05397483910263577,
      "21": 0.0,
      "22": 0.0,
      "23": -0.05656743694954441,
      "24": -0.1075777412423236,
      "25": -0.07471040948236199,
      "26": -0.005463516219352434,
      "27": 0.0,
      "28": 0.0,
      "29": -0.18135626414650008,
      "30": -0.11224863726291823
    },
    "3": {
      "4": 0.0,
      "6": -0.09205800954201962,
      "8": -0.011544626831918176,
      "16": 0.0,
      "14": -0.10796058288883605,
      "3": 0.0,
      "12": -0.21079571317960233,
      "15": 0.0,
      "11": 0.0,
      "13": 0.0,
      "17": 0.0,
      "18": 0.0,
      "19": -0.09074422163412446,
      "20": -0.05397483910263577,
      "21": 0.0,
      "22": 0.0,
      "23": -0.05656743694954441,
      "24": -0.1075777412423236,
      "25": -0.07471040948236199,
      "26": -0.005463516219352434,
      "27": 0.0,
      "28": 0.0,
      "29": -0.18135626414650008,
      "30": -0.11224863726291823
    },
    "4": {
      "4": 0.0,
      "6": -0.09205800954201962,
      "8": -0.011544626831918176,
      "16": 0.0,
      "14": -0.10796058288883605,
      "3": 0.0,
      "12": -0.21079571317960233,
      "15": 0.0,
      "11": 0.0,
      "13": 0.0,
      "17": 0.0,
      "18": 0.0,
      "19": -0.09074422163412446,
      "20": -0.05397483910263577,
      "21": 0.0,
      "22": 0.0,
      "23": -0.05656743694954441,
      "24": -0.1075777412423236,
      "25": -0.07471040948236199,
      "26": -0.005463516219352434,
      "27": 0.0,
      "28": 0.0,
      "29": -0.18135626414650008,
      "30": -0.11224863726291823
    },
    "5": {
      "4": 0.0,
      "6": -0.09205800954201962,
      "8": -0.011544626831918176,
      "16": 0.0,
      "14": -0.10796058288883605,
      "3": 0.0,
      "12": -0.21079571317960233,
      "15": 0.0,
      "11": 0.0,
      "13": 0.0,
      "17": 0.0,
      "18": 0.0,
      "19": -0.09074422163412446,
      "20": -0.05397483910263577,
      "21": 0.0,
      "22": 0.0,
      "23": -0.05656743694954441,
      "24": -0.1075777412423236,
      "25": -0.07471040948236199,
      "26": -0.005463516219352434,
      "27": 0.0,
      "28": 0.0,
      "29": -0.18135626414650008,
      "30": -0.11224863726291823
    },
    "6": {
      "4": 0.0,
      "6": -0.09205800954201962,
      "8": -0.011544626831918176,
      "16": 0.0,
      "14": -0.10796058288883605,
      "3": 0.0,
      "12": -0.21079571317960233,
      "15": 0.0,
      "11": 0.0,
      "13": 0.0,
      "17": 0.0,
      "18": 0.0,
      "19": -0.09074422163412446,
      "20": -0.05397483910263577,
      "21": 0.0,
      "22": 0.0,
      "23": -0.05656743694954441,
      "24": -0.1075777412423236,
      "25": -0.07471040948236199,
      "26": -0.005463516219352434,
      "27": 0.0,
      "28": 0.0,
      "29": -0.18135626414650008,
      "30": -0.11224863726291823
    },
    "7": {
      "4": 0.0,
      "6": -0.09205800954201962,
      "8": -0.011544626831918176,
      "16": 0.0,
      "14": -0.10796058288883605,
      "3": 0.0,
      "12": -0.21079571317960233,
      "15": 0.0,
      "11": 0.0,
      "13": 0.0,
      "17": 0.0,
      "18": 0.0,
      "19": -0.09074422163412446,
      "20": -0.05397483910263577,
      "21": 0.0,
      "22": 0.0,
      "23": -0.05656743694954441,
      "24": -0.1075777412423236,
      "25": -0.07471040948236199,
      "26": -0.005463516219352434,
      "27": 0.0,
      "28": 0.0,
      "29": -0.18135626414650008,
      "30": -0.11224863726291823
    },
    "8": {
      "4": 0.0,
      "6": -0.09205800954201962,
      "8": -0.011544626831918176,
      "16": 0.0,
      "14": -0.10796058288883605,
      "3": 0.0,
      "12": -0.21079571317960233,
      "15": 0.0,
      "11": 0.0,
      "13": 0.0,
      "17": 0.0,
      "18": 0.0,
      "19": -0.09074422163412446,
      "20": -0.05397483910263577,
      "21": 0.0,
      "22": 0.0,
      "23": -0.05656743694954441,
      "24": -0.1075777412423236,
      "25": -0.07471040948236199,
      "26": -0.005463516219352434,
      "27": 0.0,
      "28": 0.0,
      "29": -0.18135626414650008,
      "30": -0.11224863726291823
    },
    "9": {
      "4": 0.0,
      "6": -0.09205800954201962,
      "8": -0.011544626831918176,
      "16": 0.0,
      "14": -0.10796058288883605,
      "3": 0.0,
      "12": -0.21079571317960233,
      "15": 0.0,
      "11": 0.0,
      "13": 0.0,
      "17": 0.0,
      "18": 0.0,
      "19": -0.09074422163412446,
      "20": -0.05397483910263577,
      "21": 0.0,
      "22": 0.0,
      "23": -0.05656743694954441,
      "24": -0.1075777412423236,
      "25": -0.07471040948236199,
      "26": -0.005463516219352434,
      "27": 0.0,
      "28": 0.0,
      "29": -0.18135626414650008,
      "30": -0.11224863726291823
    }
  }
}