{
  "clusters": [
    "11",
    "12",
    "13",
    "14",
    "15",
    "16",
    "17",
    "18",
    "19",
    "20",
    "21",
    "22",
    "23",
    "24",
    "25",
    "26",
    "27",
    "28",
    "29",
    "3",
    "30",
    "4",
    "6",
    "8"
  ],
  "statevector": [
    0.0,
    -0.21079571317960233,
    0.0,
    -0.10796058288883605,
    0.0,
    0.0,
    0.0,
    0.0,
    -0.09074422163412446,
    -0.05397483910263577,
    0.0,
    0.0,
    -0.05656743694954441,
    -0.1075777412423236,
    -0.07471040948236199,
    -0.005463516219352434,
    0.0,
    0.0,
    -0.18135626414650008,
    0.0,
    -0.11224863726291823,
    0.0,
    -0.09205800954201962,
    -0.011544626831918176
  ],
  "sampling": [
    0.0,
    -0.21079571317960233,
    0.004003613845907583,
    -0.10796058288883605,
    0.0,
    0.0,
    0.004416390446528608,
    0.025009153836660893,
    -0.08935122862505918,
    -0.05397483910263577,
    0.0,
    0.0,
    -0.045968149762700417,
    -0.10376943185962989,
    -0.07471040948236199,
    0.004001397776416775,
    0.0015426709406798494,
    0.009893761648915759,
    -0.18135626414650008,
    0.0,
    -0.11224863726291823,
    0.0,
    -0.09205800954201962,
    -0.011544626831918176
  ],
  "fake_brisbane": [
    0.0,
    -0.21079571317960233,
    0.0,
    -0.10796058288883605,
    0.0,
    0.0,
    0.021337169254759418,
    0.015662490933445395,
    -0.08104694170004954,
    -0.04026485286847377,
    0.0,
    0.029279093440005424,
    -0.03635153066232925,
    -0.09651421161501351,
    -0.07471040948236199,
    0.002113297579786271,
    0.003896502011117388,
    0.017079441275626366,
    -0.18135626414650008,
    0.0,
    -0.11224863726291823,
    0.0,
    -0.09205800954201962,
    -0.011544626831918176
  ],
  "dep_01": [
    0.0,
    -0.21079571317960233,
    0.0,
    -0.10796058288883605,
    0.0,
    0.0,
    0.02628823666636714,
    0.015494304057837575,
    -0.08935122862505918,
    -0.05120517033027054,
    0.0,
    0.0,
    -0.03915887651075894,
    -0.09848091376969817,
    -0.07471040948236199,
    -0.00042182895652285654,
    0.01136125475536661,
    0.0,
    -0.18135626414650008,
    0.0,
    -0.11224863726291823,
    0.0,
    -0.09205800954201962,
    -0.011544626831918176
  ],
  "dep_02": [
    0.0,
    -0.21079571317960233,
    0.0,
    -0.10796058288883605,
    0.0,
    0.0,
    0.01651941191584589,
    0.01746642109814824,
    -0.08935122862505918,
    -0.04843550155790531,
    0.0,
    0.0,
    -0.049510787176924705,
    -0.09854346123303598,
    -0.06999382723032423,
    -0.00042182895652285654,
    0.003896502011117388,
    0.009893761648915759,
    -0.18135626414650008,
    0.0,
    -0.11224863726291823,
    0.0,
    -0.09205800954201962,
    -0.011544626831918176
  ],
  "dep_05": [
    0.0,
    -0.21079571317960233,
    0.0,
    -0.10796058288883605,
    0.0,
    0.0,
    0.008832780893057217,
    0.034812516343694255,
    -0.08935122862505918,
    -0.05397483910263577,
    0.036715001875703784,
    0.0,
    -0.04215579974908716,
    -0.09663930654168913,
    -0.06527724497828646,
    -0.0008436579130457131,
    0.014500329716224732,
    0.0,
    -0.16539852452865786,
    0.0,
    -0.11224863726291823,
    0.0,
    -0.09205800954201962,
    -0.011544626831918176
  ]
}