{
  "5": {
    "min": -0.29955299381886735,
    "max": -0.29955299381886735,
    "average": -0.29955299381886735,
    "median": -0.29955299381886735,
    "std_dev": 0.0,
    "count": 10
  },
  "28": {
    "min": -0.01741695897372942,
    "max": 0.0,
    "average": -0.013081987229951205,
    "median": -0.01741695897372942,
    "std_dev": 0.005828370113220594,
    "count": 10
  },
  "55": {
    "min": 0.0,
    "max": 0.021151526686147365,
    "average": 0.007698962008355826,
    "median": 0.004564680377977556,
    "std_dev": 0.0077190580996476,
    "count": 10
  },
  "43": {
    "min": 0.0,
    "max": 0.0,
    "average": 0.0,
    "median": 0.0,
    "std_dev": 0.0,
    "count": 10
  },
  "58": {
    "min": 0.0,
    "max": 0.03751460615244284,
    "average": 0.01049403982546157,
    "median": 0.004883106084244158,
    "std_dev": 0.013454032012663833,
    "count": 10
  },
  "54": {
    "min": 0.004626640068408842,
    "max": 0.04259651405192884,
    "average": 0.016444729076210314,
    "median": 0.01601555426895389,
    "std_dev": 0.01085916663132955,
    "count": 10
  },
  "41": {
    "min": 0.0,
    "max": 0.01628467407725603,
    "average": 0.001628467407725603,
    "median": 0.0,
    "std_dev": 0.004885402223176809,
    "count": 10
  },
  "14": {
    "min": -0.12030659110142422,
    "max": 0.0,
    "average": -0.1082759319912818,
    "median": -0.12030659110142422,
    "std_dev": 0.036091977330427266,
    "count": 10
  },
  "9": {
    "min": -0.11555749457014147,
    "max": -0.028034144873681558,
    "average": -0.09319046613536604,
    "median": -0.11555749457014147,
    "std_dev": 0.03086683378632871,
    "count": 10
  },
  "34": {
    "min": 0.0,
    "max": 0.0,
    "average": 0.0,
    "median": 0.0,
    "std_dev": 0.0,
    "count": 10
  },
  "19": {
    "min": 0.003497428324214677,
    "max": 0.0120953646390636,
    "average": 0.008396912530106826,
    "median": 0.009778914063274476,
    "std_dev": 0.0030607925131417163,
    "count": 10
  },
  "46": {
    "min": 0.0,
    "max": 0.057031814369054974,
    "average": 0.010925826078103931,
    "median": 0.0,
    "std_dev": 0.01904278436777333,
    "count": 10
  },
  "53": {
    "min": 0.0,
    "max": 0.04797481333143694,
    "average": 0.01982270984101442,
    "median": 0.018648454853813907,
    "std_dev": 0.013271004360855428,
    "count": 10
  },
  "35": {
    "min": 0.0,
    "max": 0.0,
    "average": 0.0,
    "median": 0.0,
    "std_dev": 0.0,
    "count": 10
  },
  "39": {
    "min": 0.0,
    "max": 0.028874577989676846,
    "average": 0.005774915597935369,
    "median": 0.0,
    "std_dev": 0.011549831195870738,
    "count": 10
  },
  "56": {
    "min": 0.0,
    "max": 0.0515397242290099,
    "average": 0.01104197593508826,
    "median": 0.006926339701485977,
    "std_dev": 0.015181595751914133,
    "count": 10
  },
  "44": {
    "min": 0.0,
    "max": 0.06544305444544966,
    "average": 0.013088610889089932,
    "median": 0.0,
    "std_dev": 0.01999855217348096,
    "count": 10
  },
  "33": {
    "min": 0.0,
    "max": 0.10738539514063339,
    "average": 0.020811781587774258,
    "median": 0.0,
    "std_dev": 0.03503402753711991,
    "count": 10
  },
  "38": {
    "min": 0.0,
    "max": 0.0,
    "average": 0.0,
    "median": 0.0,
    "std_dev": 0.0,
    "count": 10
  },
  "31": {
    "min": -0.011195566950623598,
    "max": -0.001240393242266186,
    "average": -0.006201288211554846,
    "median": -0.0062052040289050535,
    "std_dev": 0.002818661405840383,
    "count": 10
  },
  "7": {
    "min": -0.1475677777253452,
    "max": -0.1475677777253452,
    "average": -0.1475677777253452,
    "median": -0.1475677777253452,
    "std_dev": 0.0,
    "count": 10
  },
  "4": {
    "min": -0.656092812137305,
    "max": -0.656092812137305,
    "average": -0.656092812137305,
    "median": -0.656092812137305,
    "std_dev": 0.0,
    "count": 10
  },
  "11": {
    "min": -0.13024117019436954,
    "max": -0.028562311233064682,
    "average": -0.10685052478767634,
    "median": -0.13024117019436954,
    "std_dev": 0.03357249573693026,
    "count": 10
  },
  "37": {
    "min": 0.0,
    "max": 0.0,
    "average": 0.0,
    "median": 0.0,
    "std_dev": 0.0,
    "count": 10
  },
  "15": {
    "min": -0.041068344340277285,
    "max": 0.0,
    "average": -0.03285467547222183,
    "median": -0.041068344340277285,
    "std_dev": 0.016427337736110912,
    "count": 10
  },
  "36": {
    "min": -0.041420488844810324,
    "max": 0.0,
    "average": -0.03727843996032929,
    "median": -0.041420488844810324,
    "std_dev": 0.012426146653443097,
    "count": 10
  },
  "8": {
    "min": -0.44070177407505484,
    "max": -0.44070177407505484,
    "average": -0.44070177407505484,
    "median": -0.44070177407505484,
    "std_dev": 0.0,
    "count": 10
  },
  "12": {
    "min": -0.17462796800142674,
    "max": -0.17462796800142674,
    "average": -0.17462796800142674,
    "median": -0.17462796800142674,
    "std_dev": 0.0,
    "count": 10
  },
  "29": {
    "min": -0.03744162613626126,
    "max": 0.0,
    "average": -0.024660611000989808,
    "median": -0.02969898966429589,
    "std_dev": 0.014387130842386077,
    "count": 10
  },
  "49": {
    "min": -0.046702028952220406,
    "max": -0.025874695501130415,
    "average": -0.044619295607111406,
    "median": -0.046702028952220406,
    "std_dev": 0.006248200035326997,
    "count": 10
  },
  "17": {
    "min": 0.0014895348598988663,
    "max": 0.0174700162009154,
    "average": 0.009210601557500366,
    "median": 0.008962799943024291,
    "std_dev": 0.0044554575113371075,
    "count": 10
  },
  "45": {
    "min": 0.0,
    "max": 0.02781585004094496,
    "average": 0.006798515627890099,
    "median": 0.0,
    "std_dev": 0.011125883154093824,
    "count": 10
  },
  "6": {
    "min": -0.2133261913239968,
    "max": -0.2133261913239968,
    "average": -0.2133261913239968,
    "median": -0.2133261913239968,
    "std_dev": 0.0,
    "count": 10
  },
  "10": {
    "min": -0.04210629899754348,
    "max": 0.0,
    "average": -0.03554454950329569,
    "median": -0.04210629899754348,
    "std_dev": 0.013766449018461581,
    "count": 10
  },
  "16": {
    "min": -0.03158054818914993,
    "max": -0.03158054818914993,
    "average": -0.03158054818914993,
    "median": -0.03158054818914993,
    "std_dev": 0.0,
    "count": 10
  },
  "59": {
    "min": 0.0,
    "max": 0.0072958992524229434,
    "average": 0.002188769775726883,
    "median": 0.0,
    "std_dev": 0.0033434010586999865,
    "count": 10
  },
  "18": {
    "min": -0.016750553178834483,
    "max": -0.001983234954491717,
    "average": -0.010483556990546792,
    "median": -0.011609575330866395,
    "std_dev": 0.005204455354988411,
    "count": 10
  },
  "48": {
    "min": -0.06035327100538322,
    "max": -0.031254818277317575,
    "average": -0.05744342573257666,
    "median": -0.06035327100538322,
    "std_dev": 0.008729535818419695,
    "count": 10
  },
  "60": {
    "min": 0.0,
    "max": 0.0,
    "average": 0.0,
    "median": 0.0,
    "std_dev": 0.0,
    "count": 10
  },
  "47": {
    "min": 0.0,
    "max": 0.02518290475515211,
    "average": 0.002518290475515211,
    "median": 0.0,
    "std_dev": 0.007554871426545633,
    "count": 10
  },
  "22": {
    "min": -0.03439881495905195,
    "max": 0.0,
    "average": -0.029477836911186633,
    "median": -0.03439881495905195,
    "std_dev": 0.01077257128421153,
    "count": 10
  },
  "40": {
    "min": 0.0,
    "max": 0.013940042207624383,
    "average": 0.006970021103812191,
    "median": 0.006970021103812191,
    "std_dev": 0.006970021103812191,
    "count": 10
  },
  "32": {
    "min": -0.011560972930559353,
    "max": -0.0016812144111686455,
    "average": -0.006850338656229037,
    "median": -0.0070663462355717134,
    "std_dev": 0.0035611311189260777,
    "count": 10
  },
  "13": {
    "min": -0.04658151587163578,
    "max": -0.04658151587163578,
    "average": -0.04658151587163578,
    "median": -0.04658151587163578,
    "std_dev": 0.0,
    "count": 10
  },