{
  "4": {
    "min": 0.0,
    "max": 0.0,
    "average": 0.0,
    "median": 0.0,
    "std_dev": 0.0,
    "count": 10
  },
  "6": {
    "min": -0.09205800954201962,
    "max": -0.09205800954201962,
    "average": -0.09205800954201962,
    "median": -0.09205800954201962,
    "std_dev": 0.0,
    "count": 10
  },
  "8": {
    "min": -0.011544626831918176,
    "max": 0.0,
    "average": -0.010390164148726358,
    "median": -0.011544626831918176,
    "std_dev": 0.0034633880495754527,
    "count": 10
  },
  "16": {
    "min": 0.0,
    "max": 0.0,
    "average": 0.0,
    "median": 0.0,
    "std_dev": 0.0,
    "count": 10
  },
  "14": {
    "min": -0.10796058288883605,
    "max": -0.10796058288883605,
    "average": -0.10796058288883605,
    "median": -0.10796058288883605,
    "std_dev": 0.0,
    "count": 10
  },
  "3": {
    "min": 0.0,
    "max": 0.015003941025047172,
    "average": 0.0015003941025047173,
    "median": 0.0,
    "std_dev": 0.004501182307514152,
    "count": 10
  },
  "12": {
    "min": -0.21079571317960233,
    "max": -0.21079571317960233,
    "average": -0.21079571317960233,
    "median": -0.21079571317960233,
    "std_dev": 0.0,
    "count": 10
  },
  "15": {
    "min": 0.0,
    "max": 0.01224352491742553,
    "average": 0.003673057475227659,
    "median": 0.0,
    "std_dev": 0.005610687970718044,
    "count": 10
  },
  "11": {
    "min": 0.0,
    "max": 0.0,
    "average": 0.0,
    "median": 0.0,
    "std_dev": 0.0,
    "count": 10
  },
  "13": {
    "min": 0.0,
    "max": 0.004003613845907583,
    "average": 0.00040036138459075834,
    "median": 0.0,
    "std_dev": 0.001201084153772275,
    "count": 10
  },
  "17": {
    "min": 0.0,
    "max": 0.07809782609286443,
    "average": 0.02003520377780941,
    "median": 0.008832780893057217,
    "std_dev": 0.026081038424238367,
    "count": 10
  },
  "18": {
    "min": 0.0,
    "max": 0.10785987247507368,
    "average": 0.039365844304930175,
    "median": 0.034812516343694255,
    "std_dev": 0.033065696822340084,
    "count": 10
  },
  "19": {
    "min": -0.09074422163412446,
    "max": -0.06411468391064151,
    "average": -0.08392375728633314,
    "median": -0.08935122862505918,
    "std_dev": 0.009746648606586422,
    "count": 10
  },
  "20": {
    "min": -0.05397483910263577,
    "max": -0.01768184015262341,
    "average": -0.043179871282108616,
    "median": -0.05397483910263577,
    "std_dev": 0.015407338865474138,
    "count": 10
  },
  "21": {
    "min": 0.0,
    "max": 0.03994834572461502,
    "average": 0.023023376697943403,
    "median": 0.036715001875703784,
    "std_dev": 0.018834913122209345,
    "count": 10
  },
  "22": {
    "min": 0.0,
    "max": 0.06723057601841981,
    "average": 0.015348078988350177,
    "median": 0.0,
    "std_dev": 0.021591589858428746,
    "count": 10
  },
  "23": {
    "min": -0.05656743694954441,
    "max": -0.027599770030958884,
    "average": -0.04395592376786818,
    "median": -0.04215579974908716,
    "std_dev": 0.009195681115260555,
    "count": 10
  },
  "24": {
    "min": -0.1075777412423236,
    "max": -0.06269748767939491,
    "average": -0.08929107055729851,
    "median": -0.09663930654168913,
    "std_dev": 0.015735596386125,
    "count": 10
  },
  "25": {
    "min": -0.07471040948236199,
    "max": -0.04687790733158472,
    "average": -0.0649022144894448,
    "median": -0.06527724497828646,
    "std_dev": 0.009862870943388799,
    "count": 10
  },
  "26": {
    "min": -0.005463516219352434,
    "max": 0.008846453465879263,
    "average": 0.0002997979694136628,
    "median": -0.0008436579130457131,
    "std_dev": 0.005955703013182019,
    "count": 10
  },
  "27": {
    "min": 0.0,
    "max": 0.02272250951073322,
    "average": 0.012057501687151476,
    "median": 0.014500329716224732,
    "std_dev": 0.007486363118972545,
    "count": 10
  },
  "28": {
    "min": 0.0,
    "max": 0.044421460102333346,
    "average": 0.01333982835727838,
    "median": 0.0,
    "std_dev": 0.017260537088244203,
    "count": 10
  },
  "29": {
    "min": -0.18135626414650008,
    "max": -0.06682218508411726,
    "average": -0.1559323696026983,
    "median": -0.16539852452865786,
    "std_dev": 0.03399816880635333,
    "count": 10
  },
  "30": {
    "min": -0.11224863726291823,
    "max": -0.06291911029105932,
    "average": -0.09793849315680836,
    "median": -0.11224863726291823,
    "std_dev": 0.01933825000412271,
    "count": 10
  }
}