{
  "gsdtsr": {
    "w1": 0.5986584841970366,
    "w2": 0.15601864044243652,
    "w3": 0.15599452033620265
  },
  "iofrol": {
    "w1": 0.7080725777960455,
    "w2": 0.020584494295802447,
    "w3": 0.9699098521619943
  },
  "paintcontrol": {
    "w1": 0.8324426408004217,
    "w2": 0.21233911067827616,
    "w3": 0.18182496720710062
  },
  "elevator": {
    "w1": 0.020584494295802447,
    "w2": 0.9699098521619943
  },
  "elevator2": {
    "w1": 0.05808361216819946,
    "w2": 0.8661761457749352,
    "w3": 0.6011150117432088
  }
}