{"gsdtsr": {"0": {"5": -0.29955299381886735, "28": -0.01741695897372942, "55": 0.0, "43": 0.0, "58": 0.0, "54": 0.0, "41": 0.0, "14": -0.12030659110142422, "9": -0.11555749457014147, "34": 0.0, "19": -0.00010887600022391371, "46": 0.0, "53": 0.0, "35": 0.0, "39": 0.0, "56": 0.0, "44": 0.0, "33": 0.0, "38": 0.0, "31": -0.012435960192889783, "7": -0.1475677777253452, "4": -0.656092812137305, "11": -0.13024117019436954, "37": 0.0, "15": -0.041068344340277285, "36": -0.041420488844810324, "8": -0.44070177407505484, "12": -0.17462796800142674, "29": -0.03744162613626126, "49": -0.0467020289522204, "17": 0.0, "45": 0.0, "6": -0.2133261913239968, "10": -0.04210629899754348, "16": -0.03158054818914993, "59": 0.0, "18": -0.016750553178834483, "48": -0.06035327100538322, "60": 0.0, "47": 0.0, "22": -0.03439881495905195, "40": 0.0, "32": -0.014646189075723938, "13": -0.04658151587163578, "2": -0.662189507605671, "50": -0.0708089770362782, "42": 0.0, "57": 0.0, "52": -0.043857370587050776, "51": -0.05844487677842856, "1": -1.351060086211676, "3": -0.7991019336855277, "61": -0.0018143894142178749, "62": 0.0, "63": -0.004444162394521974, "64": 0.0, "65": 0.0, "66": -0.019865803069078234, "67": -0.01513049115540388, "68": -0.014052931497541683, "69": -0.022414693341601708, "70": -0.01950024528169402, "71": -0.023184089218076832, "72": -0.014076323074474779, "73": -0.021036365128071874, "74": -0.008457244425938346, "75": -0.002780906305750447, "76": -0.0012588330827412425, "77": -0.0035062532768891665, "78": -0.015090574812235089, "79": -0.01192558329512684, "80": 0.0, "81": 0.0, "82": -0.00663995670296188, "83": -0.005289553944205584, "84": -0.008515245235606057, "85": 0.0, "86": 0.0, "87": 0.0}, "1": {"5": -0.29955299381886735, "28": -0.01741695897372942, "55": 0.0, "43": 0.0, "58": 0.0, "54": 0.0, "41": 0.0, "14": -0.12030659110142422, "9": -0.11555749457014147, "34": 0.0, "19": -0.00010887600022391371, "46": 0.0, "53": 0.0, "35": 0.0, "39": 0.0, "56": 0.0, "44": 0.0, "33": 0.0, "38": 0.0, "31": -0.012435960192889783, "7": -0.1475677777253452, "4": -0.656092812137305, "11": -0.13024117019436954, "37": 0.0, "15": -0.041068344340277285, "36": -0.041420488844810324, "8": -0.44070177407505484, "12": -0.17462796800142674, "29": -0.03744162613626126, "49": -0.0467020289522204, "17": 0.0, "45": 0.0, "6": -0.2133261913239968, "10": -0.04210629899754348, "16": -0.03158054818914993, "59": 0.0, "18": -0.016750553178834483, "48": -0.06035327100538322, "60": 0.0, "47": 0.0, "22": -0.03439881495905195, "40": 0.0, "32": -0.014646189075723938, "13": -0.04658151587163578, "2": -0.662189507605671, "50": -0.0708089770362782, "42": 0.0, "57": 0.0, "52": -0.043857370587050776, "51": -0.05844487677842856, "1": -1.351060086211676, "3": -0.7991019336855277, "61": -0.0018143894142178749, "62": 0.0, "63": -0.004444162394521974, "64": 0.0, "65": 0.0, "66": -0.019865803069078234, "67": -0.01513049115540388, "68": -0.014052931497541683, "69": -0.022414693341601708, "70": -0.01950024528169402, "71": -0.023184089218076832, "72": -0.014076323074474779, "73": -0.021036365128071874, "74": -0.008457244425938346, "75": -0.002780906305750447, "76": -0.0012588330827412425, "77": -0.0035062532768891665, "78": -0.015090574812235089, "79": -0.01192558329512684, "80": 0.0, "81": 0.0, "82": -0.00663995670296188, "83": -0.005289553944205584, "84": -0.008515245235606057, "85": 0.0, "86": 0.0, "87": 0.0}, "2": {"5": -0.29955299381886735, "28": -0.01741695897372942, "55": 0.0, "43": 0.0, "58": 0.0, "54": 0.0, "41": 0.0, "14": -0.12030659110142422, "9": -0.11555749457014147, "34": 0.0, "19": -0.00010887600022391371, "46": 0.0, "53": 0.0, "35": 0.0, "39": 0.0, "56": 0.0, "44": 0.0, "33": 0.0, "38": 0.0, "31": -0.012435960192889783, "7": -0.1475677777253452, "4": -0.656092812137305, "11": -0.13024117019436954, "37": 0.0, "15": -0.041068344340277285, "36": -0.041420488844810324, "8": -0.44070177407505484, "12": -0.17462796800142674, "29": -0.03744162613626126, "49": -0.0467020289522204, "17": 0.0, "45": 0.0, "6": -0.2133261913239968, "10": -0.04210629899754348, "16": -0.03158054818914993, "59": 0.0, "18": -0.016750553178834483, "48": -0.06035327100538322, "60": 0.0, "47": 0.0, "22": -0.03439881495905195, "40": 0.0, "32": -0.014646189075723938, "13": -0.04658151587163578, "2": -0.662189507605671, "50": -0.0708089770362782, "42": 0.0, "57": 0.0, "52": -0.043857370587050776, "51": -0.05844487677842856, "1": -1.351060086211676, "3": -0.7991019336855277, "61": -0.0018143894142178749, "62": 0.0, "63": -0.004444162394521974, "64": 0.0, "65": 0.0, "66": -0.019865803069078234, "67": -0.01513049115540388, "68": -0.014052931497541683, "69": -0.022414693341601708, "70": -0.01950024528169402, "71": -0.023184089218076832, "72": -0.014076323074474779, "73": -0.021036365128071874, "74": -0.008457244425938346, "75": -0.002780906305750447, "76": -0.0012588330827412425, "77": -0.0035062532768891665, "78": -0.015090574812235089, "79": -0.01192558329512684, "80": 0.0, "81": 0.0, "82": -0.00663995670296188, "83": -0.005289553944205584, "84": -0.008515245235606057, "85": 0.0, "86": 0.0, "87": 0.0}, "3": {"5": -0.29955299381886735, "28": -0.01741695897372942, "55": 0.0, "43": 0.0, "58": 0.0, "54": 0.0, "41": 0.0, "14": -0.12030659110142422, "9": -0.11555749457014147, "34": 0.0, "19": -0.00010887600022391371, "46": 0.0, "53": 0.0, "35": 0.0, "39": 0.0, "56": 0.0, "44": 0.0, "33": 0.0, "38": 0.0, "31": -0.012435960192889783, "7": -0.1475677777253452, "4": -0.656092812137305, "11": -0.13024117019436954, "37": 0.0, "15": -0.041068344340277285, "36": -0.041420488844810324, "8": -0.44070177407505484, "12": -0.17462796800142674, "29": -0.03744162613626126, "49": -0.0467020289522204, "17": 0.0, "45": 0.0, "6": -0.2133261913239968, "10": -0.04210629899754348, "16": -0.03158054818914993, "59": 0.0, "18": -0.016750553178834483, "48": -0.06035327100538322, "60": 0.0, "47": 0.0, "22": -0.03439881495905195, "40": 0.0, "32": -0.014646189075723938, "13": -0.04658151587163578, "2": -0.662189507605671, "50": -0.0708089770362782, "42": 0.0, "57": 0.0, "52": -0.043857370587050776, "51": -0.05844487677842856, "1": -1.351060086211676, "3": -0.7991019336855277, "61": -0.0018143894142178749, "62": 0.0, "63": -0.004444162394521974, "64": 0.0, "65": 0.0, "66": -0.019865803069078234, "67": -0.01513049115540388, "68": -0.014052931497541683, "69": -0.022414693341601708, "70": -0.01950024528169402, "71": -0.023184089218076832, "72": -0.014076323074474779, "73": -0.021036365128071874, "74": -0.008457244425938346, "75": -0.002780906305750447, "76": -0.0012588330827412425, "77": -0.0035062532768891665, "78": -0.015090574812235089, "79": -0.01192558329512684, "80": 0.0, "81": 0.0, "82": -0.00663995670296188, "83": -0.005289553944205584, "84": -0.008515245235606057, "85": 0.0, "86": 0.0, "87": 0.0}, "4": {"5": -0.29955299381886735, "28": -0.01741695897372942, "55": 0.0, "43": 0.0, "58": 0.0, "54": 0.0, "41": 0.0, "14": -0.12030659110142422, "9": -0.11555749457014147, "34": 0.0, "19": -0.00010887600022391371, "46": 0.0, "53": 0.0, "35": 0.0, "39": 0.0, "56": 0.0, "44": 0.0, "33": 0.0, "38": 0.0, "31": -0.012435960192889783, "7": -0.1475677777253452, "4": -0.656092812137305, "11": -0.13024117019436954, "37": 0.0, "15": -0.041068344340277285, "36": -0.041420488844810324, "8": -0.44070177407505484, "12": -0.17462796800142674, "29": -0.03744162613626126, "49": -0.0467020289522204, "17": 0.0, "45": 0.0, "6": -0.2133261913239968, "10": -0.04210629899754348, "16": -0.03158054818914993, "59": 0.0, "18": -0.016750553178834483, "48": -0.06035327100538322, "60": 0.0, "47": 0.0, "22": -0.03439881495905195, "40": 0.0, "32": -0.014646189075723938, "13": -0.04658151587163578, "2": -0.662189507605671, "50": -0.0708089770362782, "42": 0.0, "57": 0.0, "52": -0.043857370587050776, "51": -0.05844487677842856, "1": -1.351060086211676, "3": -0.7991019336855277, "61": -0.0018143894142178749, "62": 0.0, "63": -0.004444162394521974, "64": 0.0, "65": 0.0, "66": -0.019865803069078234,