{
  "gsdtsr": {
    "alpha": 0.3745401188473625
  },
  "paintcontrol": {
    "alpha": 0.7319939418114051
  },
  "iofrol": {
    "alpha": 0.7319939418114051
  },
  "elevator": {
    "alpha": 0.3745401188473625
  },
  "elevator2": {
    "alpha": 0.13949386065204183,
    "beta": 0.29214464853521815,
    "gamma": 0.3663618432936917
  }
}