{
  "5": {
    "min": -0.29955299381886735,
    "max": -0.29955299381886735,
    "average": -0.29955299381886735,
    "median": -0.29955299381886735,
    "std_dev": 0.0,
    "count": 10
  },
  "28": {
    "min": -0.01741695897372942,
    "max": -0.008515799490323302,
    "average": -0.014785147128015865,
    "median": -0.01741695897372942,
    "std_dev": 0.004021390124634392,
    "count": 10
  },
  "55": {
    "min": 0.0,
    "max": 0.018139557378777975,
    "average": 0.009554289833720234,
    "median": 0.010549970084288965,
    "std_dev": 0.005709389808527636,
    "count": 10
  },
  "43": {
    "min": 0.0,
    "max": 0.0287791405414662,
    "average": 0.00575582810829324,
    "median": 0.0,
    "std_dev": 0.01151165621658648,
    "count": 10
  },
  "58": {
    "min": 0.0,
    "max": 0.042574560348268994,
    "average": 0.010468154503351462,
    "median": 0.004753679473693615,
    "std_dev": 0.013808549819332376,
    "count": 10
  },
  "54": {
    "min": 0.0,
    "max": 0.036272280378339364,
    "average": 0.014375133891956157,
    "median": 0.010950873741998313,
    "std_dev": 0.01127091355968762,
    "count": 10
  },
  "41": {
    "min": 0.0,
    "max": 0.039480066707764216,
    "average": 0.003948006670776422,
    "median": 0.0,
    "std_dev": 0.011844020012329265,
    "count": 10
  },
  "14": {
    "min": -0.12030659110142422,
    "max": -0.12030659110142422,
    "average": -0.12030659110142422,
    "median": -0.12030659110142422,
    "std_dev": 0.0,
    "count": 10
  },
  "9": {
    "min": -0.11555749457014147,
    "max": -0.08038069496729836,
    "average": -0.11203981460985717,
    "median": -0.11555749457014147,
    "std_dev": 0.010553039880852936,
    "count": 10
  },
  "34": {
    "min": 0.0,
    "max": 0.0,
    "average": 0.0,
    "median": 0.0,
    "std_dev": 0.0,
    "count": 10
  },
  "19": {
    "min": -0.00010887600022391371,
    "max": 0.01160910480742273,
    "average": 0.008305068280164443,
    "median": 0.008924719644274843,
    "std_dev": 0.0033508925144955844,
    "count": 10
  },
  "46": {
    "min": 0.0,
    "max": 0.020829378680747825,
    "average": 0.006118622861000775,
    "median": 0.0,
    "std_dev": 0.009347861932981157,
    "count": 10
  },
  "53": {
    "min": 0.0,
    "max": 0.03960223441805789,
    "average": 0.015809174732800364,
    "median": 0.012852932893515474,
    "std_dev": 0.012837440939740718,
    "count": 10
  },
  "35": {
    "min": 0.0,
    "max": 0.0,
    "average": 0.0,
    "median": 0.0,
    "std_dev": 0.0,
    "count": 10
  },
  "39": {
    "min": 0.0,
    "max": 0.028874577989676846,
    "average": 0.0028874577989676845,
    "median": 0.0,
    "std_dev": 0.008662373396903053,
    "count": 10
  },
  "56": {
    "min": 0.0,
    "max": 0.07293042252913744,
    "average": 0.015971352446124683,
    "median": 0.013852679402971954,
    "std_dev": 0.020854071418364383,
    "count": 10
  },
  "44": {
    "min": 0.0,
    "max": 0.0445188692047106,
    "average": 0.010857738066236921,
    "median": 0.0,
    "std_dev": 0.017531919932499973,
    "count": 10
  },
  "33": {
    "min": 0.0,
    "max": 0.057624466864362074,
    "average": 0.005762446686436207,
    "median": 0.0,
    "std_dev": 0.017287340059308622,
    "count": 10
  },
  "38": {
    "min": 0.0,
    "max": 0.06930070366826023,
    "average": 0.013860140733652045,
    "median": 0.0,
    "std_dev": 0.027720281467304094,
    "count": 10
  },
  "31": {
    "min": -0.012435960192889783,
    "max": 0.0,
    "average": -0.007727867776032164,
    "median": -0.008111727729698901,
    "std_dev": 0.004438671391480865,
    "count": 10
  },
  "7": {
    "min": -0.1475677777253452,
    "max": -0.1475677777253452,
    "average": -0.1475677777253452,
    "median": -0.1475677777253452,
    "std_dev": 0.0,
    "count": 10
  },
  "4": {
    "min": -0.656092812137305,
    "max": -0.656092812137305,
    "average": -0.656092812137305,
    "median": -0.656092812137305,
    "std_dev": 0.0,
    "count": 10
  },
  "11": {
    "min": -0.13024117019436954,
    "max": -0.05794882931533595,
    "average": -0.11921073791934135,
    "median": -0.13024117019436954,
    "std_dev": 0.02335463327438619,
    "count": 10
  },
  "37": {
    "min": 0.0,
    "max": 0.0,
    "average": 0.0,
    "median": 0.0,
    "std_dev": 0.0,
    "count": 10
  },
  "15": {
    "min": -0.041068344340277285,
    "max": -0.041068344340277285,
    "average": -0.041068344340277285,
    "median": -0.041068344340277285,
    "std_dev": 0.0,
    "count": 10
  },
  "36": {
    "min": -0.041420488844810324,
    "max": 0.0,
    "average": -0.03727843996032929,
    "median": -0.041420488844810324,
    "std_dev": 0.012426146653443097,
    "count": 10
  },
  "8": {
    "min": -0.44070177407505484,
    "max": -0.3498133289616931,
    "average": -0.4227262755007183,
    "median": -0.44070177407505484,
    "std_dev": 0.03595383986267526,
    "count": 10
  },
  "12": {
    "min": -0.17462796800142674,
    "max": -0.054035072641857355,
    "average": -0.1625686784654698,
    "median": -0.17462796800142674,
    "std_dev": 0.03617786860787082,
    "count": 10
  },
  "29": {
    "min": -0.03744162613626126,
    "max": 0.0,
    "average": -0.028886324915943458,
    "median": -0.033570307900278575,
    "std_dev": 0.01162775238652471,
    "count": 10
  },
  "49": {
    "min": -0.046702028952220406,
    "max": -0.046702028952220406,
    "average": -0.046702028952220406,
    "median": -0.046702028952220406,
    "std_dev": 0.0,
    "count": 10
  },
  "17": {
    "min": 0.0,
    "max": 0.022292553193606145,
    "average": 0.014806562825235339,
    "median": 0.01641783469883038,
    "std_dev": 0.006433012191346238,
    "count": 10
  },
  "45": {
    "min": 0.0,
    "max": 0.0,
    "average": 0.0,
    "median": 0.0,
    "std_dev": 0.0,
    "count": 10
  },
  "6": {
    "min": -0.2133261913239968,
    "max": -0.2133261913239968,
    "average": -0.2133261913239968,
    "median": -0.2133261913239968,
    "std_dev": 0.0,
    "count": 10
  },
  "10": {
    "min": -0.04210629899754348,
    "max": -0.01859510305260911,
    "average": -0.03505294021406317,
    "median": -0.04210629899754348,
    "std_dev": 0.010774183509660053,
    "count": 10
  },
  "16": {
    "min": -0.03158054818914993,
    "max": 0.0,
    "average": -0.02842249337023494,
    "median": -0.03158054818914993,
    "std_dev": 0.00947416445674498,
    "count": 10
  },
  "59": {
    "min": 0.0,
    "max": 0.0072958992524229434,
    "average": 0.0029183597009691774,
    "median": 0.0,
    "std_dev": 0.0035742460766378915,
    "count": 10
  },
  "18": {
    "min": -0.016750553178834483,
    "max": -0.008451832437390025,
    "average": -0.013202119047618414,
    "median": -0.014767318224342766,
    "std_dev": 0.0032758030084063285,
    "count": 10
  },
  "48": {
    "min": -0.06035327100538322,
    "max": -0.06035327100538322,
    "average": -0.06035327100538322,
    "median": -0.06035327100538322,
    "std_dev": 0.0,
    "count": 10
  },
  "60": {
    "min": 0.0,
    "max": 0.0,
    "average": 0.0,
    "median": 0.0,
    "std_dev": 0.0,
    "count": 10
  },
  "47": {
    "min": 0.0,
    "max": 0.02518290475515211,
    "average": 0.002518290475515211,
    "median": 0.0,
    "std_dev": 0.007554871426545633,
    "count": 10
  },
  "22": {
    "min": -0.03439881495905195,
    "max": -0.014810965519601198,
    "average": -0.029000148519201678,
    "median": -0.03439881495905195,
    "std_dev": 0.008338323558487893,
    "count": 10
  },
  "40": {
    "min": 0.0,
    "max": 0.013940042207624383,
    "average": 0.0013940042207624382,
    "median": 0.0,
    "std_dev": 0.004182012662287315,
    "count": 10
  },
  "32": {
    "min": -0.013753626936547528,
    "max": -0.0017871812881137998,
    "average": -0.008567116986528024,
    "median": -0.008967159692287723,
    "std_dev": 0.003941372998492836,
    "count": 10
  },
  "13": {
    "min": -0.04658151587163578,
    "max": -0.04658151587163578,
    "average": -0.04658151587163578,
    "median": -0.04658151587163578,
    "std_dev": 0.0,