{
  "4": {
    "min": 0.0,
    "max": 0.0,
    "average": 0.0,
    "median": 0.0,
    "std_dev": 0.0,
    "count": 10
  },
  "6": {
    "min": -0.09205800954201962,
    "max": -0.09205800954201962,
    "average": -0.09205800954201962,
    "median": -0.09205800954201962,
    "std_dev": 0.0,
    "count": 10
  },
  "8": {
    "min": -0.011544626831918176,
    "max": -0.011544626831918176,
    "average": -0.011544626831918176,
    "median": -0.011544626831918176,
    "std_dev": 0.0,
    "count": 10
  },
  "16": {
    "min": 0.0,
    "max": 0.0,
    "average": 0.0,
    "median": 0.0,
    "std_dev": 0.0,
    "count": 10
  },
  "14": {
    "min": -0.10796058288883605,
    "max": -0.10796058288883605,
    "average": -0.10796058288883605,
    "median": -0.10796058288883605,
    "std_dev": 0.0,
    "count": 10
  },
  "3": {
    "min": 0.0,
    "max": 0.015003941025047172,
    "average": 0.0030007882050094347,
    "median": 0.0,
    "std_dev": 0.0060015764100188685,
    "count": 10
  },
  "12": {
    "min": -0.21079571317960233,
    "max": -0.21079571317960233,
    "average": -0.21079571317960233,
    "median": -0.21079571317960233,
    "std_dev": 0.0,
    "count": 10
  },
  "15": {
    "min": 0.0,
    "max": 0.01224352491742553,
    "average": 0.001224352491742553,
    "median": 0.0,
    "std_dev": 0.003673057475227659,
    "count": 10
  },
  "11": {
    "min": 0.0,
    "max": 0.0,
    "average": 0.0,
    "median": 0.0,
    "std_dev": 0.0,
    "count": 10
  },
  "13": {
    "min": 0.0,
    "max": 0.004003613845907583,
    "average": 0.00240216830754455,
    "median": 0.004003613845907583,
    "std_dev": 0.001961362209923067,
    "count": 10
  },
  "17": {
    "min": 0.0,
    "max": 0.14212378512524132,
    "average": 0.025662208872049286,
    "median": 0.004416390446528608,
    "std_dev": 0.041730758773132974,
    "count": 10
  },
  "18": {
    "min": 0.0,
    "max": 0.08093408438113847,
    "average": 0.03221959028212573,
    "median": 0.025009153836660893,
    "std_dev": 0.03144053814878491,
    "count": 10
  },
  "19": {
    "min": -0.09074422163412446,
    "max": -0.07134966176597463,
    "average": -0.08473586240861719,
    "median": -0.08935122862505918,
    "std_dev": 0.008297160045150914,
    "count": 10
  },
  "20": {
    "min": -0.05397483910263577,
    "max": -0.0347255153237433,
    "average": -0.04714254007080564,
    "median": -0.05397483910263577,
    "std_dev": 0.008467538191516636,
    "count": 10
  },
  "21": {
    "min": 0.0,
    "max": 0.03607131518821466,
    "average": 0.007068824125751063,
    "median": 0.0,
    "std_dev": 0.014141388208682434,
    "count": 10
  },
  "22": {
    "min": 0.0,
    "max": 0.04593497149801304,
    "average": 0.008162766009751713,
    "median": 0.0,
    "std_dev": 0.016485393949447678,
    "count": 10
  },
  "23": {
    "min": -0.05656743694954441,
    "max": 0.0038354145063801207,
    "average": -0.04087950518381296,
    "median": -0.045968149762700417,
    "std_dev": 0.017525963449088664,
    "count": 10
  },
  "24": {
    "min": -0.1075777412423236,
    "max": -0.07641548036831802,
    "average": -0.10003749192992459,
    "median": -0.10376943185962989,
    "std_dev": 0.008664197491488298,
    "count": 10
  },
  "25": {
    "min": -0.07471040948236199,
    "max": -0.02783250215077726,
    "average": -0.06629605208371823,
    "median": -0.07471040948236199,
    "std_dev": 0.015340002803133735,
    "count": 10
  },
  "26": {
    "min": -0.005463516219352434,
    "max": 0.03694322386077993,
    "average": 0.011916126166700031,
    "median": 0.004001397776416775,
    "std_dev": 0.01721731835930143,
    "count": 10
  },
  "27": {
    "min": 0.0,
    "max": 0.02989684745204154,
    "average": 0.009342236715857209,
    "median": 0.0015426709406798494,
    "std_dev": 0.012113833715773556,
    "count": 10
  },
  "28": {
    "min": 0.0,
    "max": 0.06812453055121312,
    "average": 0.022131033742182844,
    "median": 0.009893761648915759,
    "std_dev": 0.025902386425842708,
    "count": 10
  },
  "29": {
    "min": -0.18135626414650008,
    "max": -0.13970486637563495,
    "average": -0.1733079803806143,
    "median": -0.18135626414650008,
    "std_dev": 0.01610891350861197,
    "count": 10
  },
  "30": {
    "min": -0.11224863726291823,
    "max": -0.04803392659530082,
    "average": -0.09460230246986466,
    "median": -0.11224863726291823,
    "std_dev": 0.023507904792539485,
    "count": 10
  }
}