{"gsdtsr": {"0": {"5": -0.29955299381886735, "28": -0.01741695897372942, "55": 0.011505272020187281, "43": 0.0, "58": 0.014826166364314473, "54": 0.004626640068408842, "41": 0.0, "14": -0.12030659110142422, "9": -0.024311792477417285, "34": 0.0, "19": 0.007844852733054028, "46": 0.0, "53": 0.03987317312072379, "35": 0.0, "39": 0.0, "56": 0.0, "44": 0.0, "33": 0.0, "38": 0.0, "31": -0.011195566950623598, "7": -0.1475677777253452, "4": -0.656092812137305, "11": -0.13024117019436954, "37": 0.0, "15": -0.041068344340277285, "36": -0.041420488844810324, "8": -0.44070177407505484, "12": -0.17462796800142674, "29": -0.03744162613626126, "49": -0.02587469550113041, "17": 0.0056893570068554545, "45": 0.0, "6": -0.2133261913239968, "10": -0.04210629899754348, "16": -0.03158054818914993, "59": 0.0, "18": -0.016750553178834483, "48": -0.06035327100538322, "60": 0.0, "47": 0.0, "22": -0.03439881495905195, "40": 0.0, "32": -0.010154914186802432, "13": -0.04658151587163578, "2": -0.662189507605671, "50": -0.0708089770362782, "42": 0.0, "57": 0.0, "52": -0.043857370587050776, "51": -0.05844487677842856, "1": -1.351060086211676, "3": -0.7991019336855277, "61": 0.0014806550187214354, "62": 0.003441578618581514, "63": -0.003021658578467648, "64": 0.016343055412305716, "65": 0.012500774390189715, "66": -0.016731904729834005, "67": -0.008498650477958093, "68": -0.002875065314327222, "69": -0.011630214490137954, "70": -0.006615490562319772, "71": -0.021084119680799047, "72": -0.009265072136320676, "73": -0.005553006105638196, "74": -0.0019892972844813965, "75": -0.00022601728487049548, "76": 2.8776726935987422e-05, "77": -0.0009573043076622873, "78": -0.010718204236391702, "79": -0.01192558329512684, "80": 0.0068541625396734765, "81": 0.007319180225481763, "82": -0.0034997168891072444, "83": -0.0037061937170757486, "84": -0.006463756997563895, "85": 0.014159922710331977, "86": 0.017681845099381553, "87": 0.00415808765701998}, "1": {"5": -0.29955299381886735, "28": -0.008515799490323302, "55": 0.0036492422216990953, "43": 0.0287791405414662, "58": 0.00950735894738723, "54": 0.010950873741998313, "41": 0.01628467407725603, "14": -0.12030659110142422, "9": -0.11555749457014147, "34": 0.0, "19": 0.006123537989129689, "46": 0.0, "53": 0.023400541076600875, "35": 0.0, "39": 0.0, "56": 0.015009118572966914, "44": 0.020924185240739072, "33": 0.0, "38": 0.0, "31": -0.005002336373694528, "7": -0.1475677777253452, "4": -0.656092812137305, "11": -0.13024117019436954, "37": 0.0, "15": -0.041068344340277285, "36": -0.041420488844810324, "8": -0.44070177407505484, "12": -0.17462796800142674, "29": -0.03744162613626126, "49": -0.020827333451089988, "17": 0.02030065091105734, "45": 0.012353456197011075, "6": -0.2133261913239968, "10": -0.04210629899754348, "16": -0.03158054818914993, "59": 0.0, "18": -0.014767318224342766, "48": -0.06035327100538322, "60": 0.0, "47": 0.0, "22": -0.03439881495905195, "40": 0.0, "32": -0.008568057469765248, "13": -0.04658151587163578, "2": -0.662189507605671, "50": -0.0708089770362782, "42": 0.0, "57": 0.014512771989198068, "52": -0.043857370587050776, "51": -0.05844487677842856, "1": -1.351060086211676, "3": -0.7991019336855277, "61": 0.0008124300279283554, "62": 0.0023273887870751625, "63": -0.0008946618637126545, "64": 0.011743933754879511, "65": 0.01172230205342076, "66": -0.011951096627226638, "67": -0.004618091244218157, "68": -0.00842629461265287, "69": -0.010784478851463754, "70": -0.006615490562319772, "71": -0.01898175051881261, "72": -0.0048489353948609, "73": -0.012764610533655246, "74": -0.0037612710793459366, "75": -2.9753199867430316e-05, "76": -0.0007050479711374514, "77": -0.0025072487075778038, "78": -0.013892194991237757, "79": -0.0074090807583720485, "80": 0.0013019909255730213, "81": 0.004557669347549487, "82": 0.0, "83": -0.001303047558539472, "84": -0.00712373772763998, "85": 0.01898940508942623, "86": 0.018112905870759272, "87": 0.012726879616932153}, "2": {"5": -0.29955299381886735, "28": -0.00890115948340612, "55": 0.011505272020187281, "43": 0.0, "58": 0.0, "54": 0.010565405514021055, "41": 0.0, "14": -0.12030659110142422, "9": -0.11555749457014147, "34": 0.0, "19": 0.012144436388769797, "46": 0.0, "53": 0.051464217041320655, "35": 0.0, "39": 0.0, "56": 0.0, "44": 0.020924185240739072, "33": 0.0, "38": 0.0, "31": -0.008674017061461443, "7": -0.1475677777253452, "4": -0.656092812137305, "11": -0.13024117019436954, "37": 0.0, "15": -0.041068344340277285, "36": -0.041420488844810324, "8": -0.44070177407505484, "12": -0.17462796800142674, "29": 0.0, "49": -0.0467020289522204, "17": 0.01399910659453257, "45": 0.0, "6": -0.2133261913239968, "10": -0.04210629899754348, "16": 0.0, "59": 0.0, "18": -0.008451832437390025, "48": -0.06035327100538322, "60": 0.0, "47": 0.0, "22": -0.03439881495905195, "40": 0.013940042207624383, "32": -0.009460619608941657, "13": -0.04658151587163578, "2": -0.662189507605671, "50": -0.0708089770362782, "42": 0.0, "57": 0.0, "52": -0.043857370587050776, "51": -0.05844487677842856, "1": -1.351060086211676, "3": -0.7991019336855277, "61": 0.002441478161216656, "62": 0.0022282573198642245, "63": -0.0013615384013174522, "64": 0.020001172973817566, "65": 0.01040887175532529, "66": -0.006450578482788271, "67": -0.009351911449637876, "68": -0.007788957592688017, "69": -0.017101976304705512, "70": -0.011867680046242824, "71": -0.021081720056090394, "72": 0.0, "73": -0.005553006105638196, "74": -0.006403643836988051, "75": -0.0025629762961269092, "76": 0.0005537851116037911, "77": -0.002017505859849226, "78": -0.009291873133888934, "79": -0.008307581350669217, "80": 0.01185306552622573, "81": 0.0043310506552003, "82": -0.0007860753237016868, "83": -0.003931130380511724, "84": -0.00272279329084351, "85": 0.009596262000326492, "86": 0.009006791879832, "87": 0.008308348128327474}, "3": {"5": -0.29955299381886735, "28": -0.01741695897372942, "55": 0.0012733309574669265, "43": 0.0, "58": 0.04283341356937008, "54": 0.010565405514021055, "41": 0.0, "14": -0.12030659110142422, "9": -0.11555749457014147, "34": 0.0, "19": 0.0062324139893536025, "46": 0.016024010723677186, "53": 0.013896368631026938, "35": 0.0, "39": 0.0, "56": 0.013852679402971954, "44": 0.0, "33": 0.0, "38": 0.0, "31": -0.003646128552687237, "7": -0.1475677777253452, "4": -0.656092812137305, "11": -0.13024117019436954, "37": 0.0, "15": 0.0, "36": -0.041420488844810324, "8": -0.44070177407505484, "12": -0.17462796800142674, "29": -0.03744162613626126, "49": 0.0, "17": 0.007178891866754321, "45": 0.0, "6": -0.2133261913239968, "10": -0.04210629899754348, "16": -0.03158054818914993, "59": 0.0, "18": -0.016750553178834483, "48": -0.06035327100538322, "60": 0.0, "47": 0.0, "22": -0.03439881495905195, "40": 0.0, "32": -0.007267965602953481, "13": -0.04658151587163578, "2": -0.662189507605671, "50": -0.0708089770362782, "42": 0.0, "57": 0.0, "52": -0.043857370587050776, "51": -0.05844487677842856, "1": -1.351060086211676, "3": -0.7991019336855277, "61": 0.003985924588001427, "62": 0.0028277267054812455, "63": -0.000318209275503641, "64": 0.005392623236938023, "65": 0.00929035373505431, "66": -0.01140199410382349, "67": -0.00453242855220922, "68": -0.00678300099348998, "69": -0.010784478851463754, "70": -0.014055533116577248, "71": -0.0021577367049223153, "72": -0.007578061023769292, "73": -0.012749209840646293, "74": -0.005750568363827333, "75": -0.0025543390610312674, "76": -0.00039526490487790155, "77": -0.002017505859849226, "78": -0.011916584057389034, "79": -0.0021618379838121704, "80": 0.00379241840146321, "81": 0.011357927315473032, "82": -0.001913221025305554, "83": -0.0009905541347303248, "84": -0.007799803206742419, "85": 0.01891124121162203, "86": 0.013916941146475568, "87": 0.004645782365066728}, "4": {"5": -0.29955299381886735, "28": -0.01741695897372942, "55": 0.015790572285023598, "43": 0.0, "58": 0.0, "54": 0.03246596772340832, "41": 0.0, "14": -0.12030659110142422, "9": -0.11555749457014147, "34": 0.0, "19": 0.003497428324214677, "46": 0.0,