{
  "paintcontrol": {
    "0": {
      "4": 0.0,
      "6": -0.09205800954201962,
      "8": -0.011544626831918176,
      "16": 0.0,
      "14": -0.10796058288883605,
      "3": 0.0,
      "12": -0.21079571317960233,
      "15": 0.0,
      "11": 0.0,
      "13": 0.0,
      "17": 0.03565569452450347,
      "18": 0.0,
      "19": -0.08935122862505918,
      "20": -0.04183233649474283,
      "21": 0.07343000375140757,
      "22": 0.0,
      "23": -0.018360094354472146,
      "24": -0.09270590223231981,
      "25": -0.05138311877024346,
      "26": -0.0008436579130457131,
      "27": 0.021179838570053372,
      "28": 0.040446581665776506,
      "29": -0.18135626414650008,
      "30": -0.09002744370422776
    },
    "1": {
      "4": 0.0,
      "6": -0.09205800954201962,
      "8": -0.011544626831918176,
      "16": 0.0,
      "14": -0.10796058288883605,
      "3": 0.0,
      "12": -0.21079571317960233,
      "15": 0.01224352491742553,
      "11": 0.0,
      "13": 0.0,
      "17": 0.04774627293060973,
      "18": 0.028686984403765485,
      "19": -0.08935122862505918,
      "20": -0.05397483910263577,
      "21": 0.0,
      "22": 0.0,
      "23": -0.033280499736900004,
      "24": -0.10044761592438282,
      "25": -0.06527724497828646,
      "26": -0.005463516219352434,
      "27": 0.04242533045531271,
      "28": 0.0,
      "29": -0.18135626414650008,
      "30": -0.11224863726291823
    },
    "2": {
      "4": 0.0,
      "6": -0.09205800954201962,
      "8": -0.011544626831918176,
      "16": 0.0,
      "14": -0.10796058288883605,
      "3": 0.0,
      "12": -0.21079571317960233,
      "15": 0.01224352491742553,
      "11": 0.0,
      "13": 0.0,
      "17": 0.06977010236361211,
      "18": 0.015494304057837575,
      "19": -0.08935122862505918,
      "20": -0.05397483910263577,
      "21": 0.0,
      "22": 0.03220961494289169,
      "23": -0.037819902438005815,
      "24": -0.0578488594916834,
      "25": -0.07471040948236199,
      "26": 0.0046198583063067206,
      "27": 0.03370832157332454,
      "28": 0.014371359253421215,
      "29": -0.18135626414650008,
      "30": -0.11224863726291823
    },
    "3": {
      "4": 0.0,
      "6": -0.09205800954201962,
      "8": -0.011544626831918176,
      "16": 0.0,
      "14": -0.10796058288883605,
      "3": 0.0,
      "12": -0.21079571317960233,
      "15": 0.0,
      "11": 0.0,
      "13": 0.0,
      "17": 0.03891349203755251,
      "18": 0.015662490933445395,
      "19": -0.09074422163412446,
      "20": -0.05397483910263577,
      "21": 0.0,
      "22": 0.03153788741891571,
      "23": -0.04252017541338674,
      "24": -0.08557577691437904,
      "25": -0.07471040948236199,
      "26": -0.005463516219352434,
      "27": 0.006250333081554926,
      "28": 0.0,
      "29": -0.18135626414650008,
      "30": -0.11224863726291823
    },
    "4": {
      "4": 0.0,
      "6": -0.09205800954201962,
      "8": -0.011544626831918176,
      "16": 0.0,
      "14": -0.10796058288883605,
      "3": 0.015003941025047172,
      "12": -0.21079571317960233,
      "15": 0.01224352491742553,
      "11": 0.0,
      "13": 0.0,
      "17": 0.07000982817769084,
      "18": 0.019438538138458902,
      "19": -0.09074422163412446,
      "20": -0.05397483910263577,
      "21": 0.0,
      "22": 0.0,
      "23": -0.037049876234198385,
      "24": -0.10376943185962989,
      "25": -0.07471040948236199,
      "26": 0.014309969685231697,
      "27": 0.0015426709406798494,
      "28": 0.0,
      "29": -0.13970486637563495,
      "30": -0.11224863726291823
    },
    "5": {
      "4": 0.0,
      "6": -0.09205800954201962,
      "8": -0.011544626831918176,
      "16": 0.0,
      "14": -0.10796058288883605,
      "3": 0.0,
      "12": -0.21079571317960233,
      "15": 0.0,
      "11": 0.0,
      "13": 0.0,
      "17": 0.008832780893057217,
      "18": 0.015494304057837575,
      "19": -0.04418806789881379,
      "20": -0.05397483910263577,
      "21": 0.0,
      "22": 0.0,
      "23": -0.04049785058351206,
      "24": -0.07260717098562433,
      "25": -0.07471040948236199,
      "26": 0.0,
      "27": 0.006250333081554926,
      "28": 0.0,
      "29": -0.18135626414650008,
      "30": -0.11224863726291823
    },
    "6": {
      "4": 0.0,
      "6": -0.09205800954201962,
      "8": -0.011544626831918176,
      "16": 0.0,
      "14": -0.10796058288883605,
      "3": 0.0,
      "12": -0.21079571317960233,
      "15": 0.01224352491742553,
      "11": 0.0,
      "13": 0.004003613845907583,
      "17": 0.008832780893057217,
      "18": 0.09018253064644505,
      "19": -0.06358262776696362,
      "20": -0.04843550155790531,
      "21": 0.0,
      "22": 0.0,
      "23": -0.03437192808869214,
      "24": -0.1075777412423236,
      "25": -0.07471040948236199,
      "26": 0.004226595159572542,
      "27": 0.016472176429178295,
      "28": 0.0,
      "29": -0.18135626414650008,
      "30": -0.11224863726291823
    },
    "7": {
      "4": 0.0,
      "6": -0.09205800954201962,
      "8": -0.011544626831918176,
      "16": 0.0,
      "14": -0.10796058288883605,
      "3": 0.015003941025047172,
      "12": -0.21079571317960233,
      "15": 0.0,
      "11": 0.0,
      "13": 0.0,
      "17": 0.01651941191584589,
      "18": 0.0,
      "19": -0.09074422163412446,
      "20": -0.0347255153237433,
      "21": 0.07416530928489949,
      "22": 0.0,
      "23": -0.04590211175361868,
      "24": -0.09651421161501351,
      "25": -0.07471040948236199,
      "26": -0.005463516219352434,
      "27": 0.006250333081554926,
      "28": 0.019787523297831518,
      "29": -0.18135626414650008,
      "30": -0.07155072053054938
    },
    "8": {
      "4": 0.0,
      "6": -0.09205800954201962,
      "8": -0.011544626831918176,
      "16": 0.0,
      "14": -0.10796058288883605,
      "3": 0.0,
      "12": -0.21079571317960233,
      "15": 0.0,
      "11": 0.0,
      "13": 0.0,
      "17": 0.0,
      "18": 0.0,
      "19": -0.07318569145879363,
      "20": -0.04843550155790531,
      "21": 0.0,
      "22": 0.0,
      "23": -0.05318550060931247,
      "24": -0.10044761592438282,
      "25": -0.023327290712118524,
      "26": -0.005463516219352434,
      "27": 0.007793004022234776,
      "28": 0.020659058367944988,
      "29": -0.18135626414650008,
      "30": -0.11224863726291823
    },
    "9": {
      "4": 0.0,
      "6": -0.09205800954201962,
      "8": -0.011544626831918176,
      "16": 0.0,
      "14": -0.10796058288883605,
      "3": 0.0,
      "12": -0.21079571317960233,
      "15": 0.0,
      "11": 0.0,
      "13": 0.0,
      "17": 0.01692077880823081,
      "18": 0.0,
      "19": -0.09074422163412446,
      "20": -0.04843550155790531,
      "21": 0.11187887580972172,
      "22": 0.0,
      "23": -0.04935008610293235,
      "24": -0.10376943185962989,
      "25": -0.07471040948236199,
      "26": 0.0314797076414275,
      "27": 0.014929505488498446,
      "28": 0.0,
      "29": -0.18135626414650008,
      "30": -0.11224863726291823
    }
  }
}