{"gsdtsr": {"0": {"5": -0.29955299381886735, "28": -0.008515799490323302, "55": 0.015790572285023598, "43": 0.0, "58": 0.00950735894738723, "54": 0.0, "41": 0.0, "14": -0.12030659110142422, "9": -0.11555749457014147, "34": 0.0, "19": 0.01047096239796904, "46": 0.03685338940442501, "53": 0.0, "35": 0.0, "39": 0.0, "56": 0.05907774312616548, "44": 0.0, "33": 0.0, "38": 0.0, "31": -0.001240393242266186, "7": -0.1475677777253452, "4": -0.656092812137305, "11": -0.13024117019436954, "37": 0.0, "15": -0.041068344340277285, "36": -0.041420488844810324, "8": -0.44070177407505484, "12": -0.17462796800142674, "29": -0.02969898966429589, "49": -0.0467020289522204, "17": 0.01014895235128691, "45": 0.012353456197011075, "6": -0.2133261913239968, "10": -0.04210629899754348, "16": -0.03158054818914993, "59": 0.0072958992524229434, "18": -0.014767318224342766, "48": -0.06035327100538322, "60": 0.0, "47": 0.0, "22": -0.03439881495905195, "40": 0.0, "32": -0.011560972930559353, "13": -0.04658151587163578, "2": -0.662189507605671, "50": -0.0708089770362782, "42": 0.0, "57": 0.032627566832812316, "52": 0.0, "51": -0.05844487677842856, "1": -1.351060086211676, "3": -0.7991019336855277, "61": 0.004615033590148357, "62": 0.003229690525850468, "63": -0.002615747455599724, "64": 0.010265918732329453, "65": 0.006346817646920973, "66": -0.01099615659726605, "67": -0.006461755525232349, "68": -0.00296277862766101, "69": -0.013625564739067005, "70": -0.014197976366845716, "71": -0.01679275174390559, "72": -0.004497576883393169, "73": -0.013900032172133618, "74": -0.0044143465525066546, "75": -0.0022899313411976997, "76": 2.8776726935987422e-05, "77": -6.014134675176651e-05, "78": -0.006997081499343488, "79": -0.008500407919799668, "80": 0.010408925541917954, "81": 0.00836979774519157, "82": -0.005839536162861876, "83": -0.003029564635572686, "84": -0.004234866947594829, "85": 0.004720092402630627, "86": 0.013711766796104186, "87": 0.00795201355544781}, "1": {"5": -0.29955299381886735, "28": -0.01741695897372942, "55": 0.02109994016857793, "43": 0.0, "58": 0.03751460615244284, "54": 0.010950873741998313, "41": 0.0, "14": -0.12030659110142422, "9": -0.11555749457014147, "34": 0.0, "19": 0.013015755048069462, "46": 0.02017842496462996, "53": 0.03321778987088102, "35": 0.0, "39": 0.0, "56": 0.015009118572966914, "44": 0.0, "33": 0.0, "38": 0.0, "31": -0.008648464926381765, "7": -0.1475677777253452, "4": -0.656092812137305, "11": -0.13024117019436954, "37": 0.0, "15": -0.041068344340277285, "36": -0.041420488844810324, "8": -0.44070177407505484, "12": -0.17462796800142674, "29": -0.03744162613626126, "49": -0.0467020289522204, "17": 0.0011203301848579554, "45": 0.0, "6": -0.2133261913239968, "10": -0.04210629899754348, "16": -0.03158054818914993, "59": 0.0, "18": -0.016750553178834483, "48": -0.06035327100538322, "60": 0.0, "47": 0.0, "22": -0.014810965519601198, "40": 0.013940042207624383, "32": -0.005992223909659211, "13": -0.04658151587163578, "2": -0.662189507605671, "50": -0.0708089770362782, "42": 0.0, "57": 0.0, "52": -0.043857370587050776, "51": -0.05844487677842856, "1": -1.351060086211676, "3": -0.7991019336855277, "61": -0.00033373439549643944, "62": 0.0015160313087270957, "63": -0.002784042217371778, "64": 0.009686465453911585, "65": 0.014370705349103688, "66": -0.01650897091889307, "67": -0.010769268944045599, "68": -0.009139039219180887, "69": -0.010784478851463754, "70": -0.012017324903900966, "71": -0.01266808981730736, "72": -0.010073527880528425, "73": -0.007324268880546594, "74": -0.003696967774877038, "75": -0.0025629762961269092, "76": -0.0007338246980734388, "77": -0.0022323066103376314, "78": -0.011267484067737657, "79": -0.0021618379838121704, "80": 0.005094409327036231, "81": 0.0034816468022195626, "82": -0.002841562975369605, "83": 0.0004810535753905814, "84": -0.0007154420288636371, "85": 0.02374324427732468, "86": 0.004195964724283704, "87": 0.01604093799302572}, "2": {"5": -0.29955299381886735, "28": -0.01741695897372942, "55": 0.0036492422216990953, "43": 0.0, "58": 0.014826166364314473, "54": 0.02151509398141, "41": 0.0, "14": -0.12030659110142422, "9": -0.08752273695394197, "34": 0.0, "19": 0.005170902315015434, "46": 0.0, "53": 0.03321778987088102, "35": 0.0, "39": 0.028874577989676846, "56": 0.015009118572966914, "44": 0.020924185240739072, "33": 0.0, "38": 0.0, "31": -0.011195566950623598, "7": -0.1475677777253452, "4": -0.656092812137305, "11": -0.13024117019436954, "37": 0.0, "15": -0.041068344340277285, "36": -0.041420488844810324, "8": -0.44070177407505484, "12": -0.17462796800142674, "29": -0.03744162613626126, "49": -0.0467020289522204, "17": 0.017690785866300518, "45": 0.0, "6": -0.2133261913239968, "10": -0.04210629899754348, "16": -0.03158054818914993, "59": 0.0, "18": -0.006468597482898308, "48": -0.06035327100538322, "60": 0.0, "47": 0.02518290475515211, "22": -0.03439881495905195, "40": 0.0, "32": -0.0017871812881137998, "13": -0.04658151587163578, "2": -0.662189507605671, "50": -0.0708089770362782, "42": 0.032911416109105654, "57": 0.01913142488303443, "52": -0.043857370587050776, "51": -0.05844487677842856, "1": -1.351060086211676, "3": -0.7991019336855277, "61": 0.0004807158875800655, "62": 0.0028815130043179263, "63": -0.0016601201771501957, "64": 0.007907301681596392, "65": 0.019736142736411923, "66": -0.005735748132567956, "67": -0.010769268944045599, "68": -0.005070008165527115, "69": -0.011067376535070922, "70": -0.014714641270996727, "71": -0.021026352513154517, "72": -0.010952333744163269, "73": -0.0082298307436326, "74": -0.006749573935542704, "75": -0.0025629762961269092, "76": -0.001230056355805255, "77": -0.0010082251118627083, "78": -0.008093493312891602, "79": -0.0021618379838121704, "80": 0.0032402742450467464, "81": 0.003812128397642083, "82": -0.005781963724744731, "83": -0.00207090565654559, "84": -0.0017057201080879528, "85": 0.0, "86": 0.004605652805176915, "87": 0.003930836780557931}, "3": {"5": -0.29955299381886735, "28": -0.00890115948340612, "55": 0.022424857643614293, "43": 0.0, "58": 0.0, "54": 0.0, "41": 0.0, "14": -0.12030659110142422, "9": -0.11555749457014147, "34": 0.0, "19": 0.005862950649709997, "46": 0.020829378680747825, "53": 0.013896368631026938, "35": 0.0, "39": 0.0, "56": 0.0, "44": 0.022951706096250826, "33": 0.0, "38": 0.0, "31": -0.012435960192889783, "7": -0.1475677777253452, "4": -0.656092812137305, "11": -0.13024117019436954, "37": 0.0, "15": -0.041068344340277285, "36": -0.041420488844810324, "8": -0.44070177407505484, "12": -0.17462796800142674, "29": -0.024999887810750934, "49": -0.0467020289522204, "17": 0.01908493248084197, "45": 0.0, "6": -0.2133261913239968, "10": -0.04210629899754348, "16": -0.03158054818914993, "59": 0.0, "18": -0.014767318224342766, "48": -0.06035327100538322, "60": 0.0, "47": 0.0, "22": 0.0, "40": 0.0, "32": -0.009460619608941657, "13": -0.04658151587163578, "2": -0.662189507605671, "50": -0.0708089770362782, "42": 0.0, "57": 0.0, "52": -0.043857370587050776, "51": -0.05844487677842856, "1": -1.351060086211676, "3": -0.7991019336855277, "61": 0.0032930241777911606, "62": 0.001114067488357873, "63": -0.0016601201771501957, "64": 0.016312117228962763, "65": 0.009336082034694246, "66": -0.011951096627226638, "67": -0.008156876761237386, "68": -0.006632593484086849, "69": -0.011477590967549432, "70": -0.0073404771275245905, "71": -0.010512752737093702, "72": -0.00828519115130057, "73": -0.010835914779881488, "74": -0.008457244425938346, "75": -0.002328321776160772, "76": -0.0008635681778633409, "77": -0.0022323066103376314, "78": -0.008093493312891602, "79": -0.010662245903611839, "80": 0.00552864286786332, "81": 0.009027161190161623, "82": -0.006331436945085676, "83": -0.0006766290815030626, "84": -0.0059894844580461615, "85": 0.009372086176622538, "86": 0.01788635882990338, "87": 0.00415808765701998}, "4": {"5": -0.29955299381886735, "28": -0.01741695897372942, "55": 0.01872402890434576, "43": 0.0, "58": 0.0, "54": 0.0, "41": 0.0, "14": -0.12030659110142422,