{
  "paintcontrol": {
    "0": {
      "4": 0.0,
      "6": -0.09205800954201962,
      "8": -0.011544626831918176,
      "16": 0.0,
      "14": -0.10796058288883605,
      "3": 0.0,
      "12": -0.21079571317960233,
      "15": 0.0,
      "11": 0.0,
      "13": 0.004003613845907583,
      "17": 0.008832780893057217,
      "18": 0.10785987247507368,
      "19": -0.07134966176597463,
      "20": -0.05397483910263577,
      "21": 0.0373586885631929,
      "22": 0.0,
      "23": -0.03666243607713194,
      "24": -0.10376943185962989,
      "25": -0.06527724497828646,
      "26": 0.008846453465879263,
      "27": 0.014071153943951017,
      "28": 0.0,
      "29": -0.18135626414650008,
      "30": -0.08873184332766967
    },
    "1": {
      "4": 0.0,
      "6": -0.09205800954201962,
      "8": -0.011544626831918176,
      "16": 0.0,
      "14": -0.10796058288883605,
      "3": 0.0,
      "12": -0.21079571317960233,
      "15": 0.0,
      "11": 0.0,
      "13": 0.0,
      "17": 0.0,
      "18": 0.04812552254222439,
      "19": -0.08935122862505918,
      "20": -0.05397483910263577,
      "21": 0.0,
      "22": 0.0,
      "23": -0.04935008610293235,
      "24": -0.09663930654168913,
      "25": -0.05631107183566023,
      "26": 0.0,
      "27": 0.0,
      "28": 0.0,
      "29": -0.18135626414650008,
      "30": -0.06421471066761741
    },
    "2": {
      "4": 0.0,
      "6": -0.09205800954201962,
      "8": -0.011544626831918176,
      "16": 0.0,
      "14": -0.10796058288883605,
      "3": 0.0,
      "12": -0.21079571317960233,
      "15": 0.0,
      "11": 0.0,
      "13": 0.0,
      "17": 0.008832780893057217,
      "18": 0.0,
      "19": -0.09074422163412446,
      "20": -0.019249323778892477,
      "21": 0.03607131518821466,
      "22": 0.0,
      "23": -0.05656743694954441,
      "24": -0.07260717098562433,
      "25": -0.07471040948236199,
      "26": -0.005463516219352434,
      "27": 0.020321487025505944,
      "28": 0.0,
      "29": -0.14944078491081564,
      "30": -0.06291911029105932
    },
    "3": {
      "4": 0.0,
      "6": -0.09205800954201962,
      "8": -0.011544626831918176,
      "16": 0.0,
      "14": -0.10796058288883605,
      "3": 0.0,
      "12": -0.21079571317960233,
      "15": 0.0,
      "11": 0.0,
      "13": 0.0,
      "17": 0.008832780893057217,
      "18": 0.03452400361548421,
      "19": -0.08935122862505918,
      "20": -0.05397483910263577,
      "21": 0.0,
      "22": 0.0,
      "23": -0.038265095226884614,
      "24": -0.09663930654168913,
      "25": -0.06527724497828646,
      "26": -0.005463516219352434,
      "27": 0.007793004022234776,
      "28": 0.0,
      "29": -0.14730502274297508,
      "30": -0.11224863726291823
    },
    "4": {
      "4": 0.0,
      "6": -0.09205800954201962,
      "8": -0.011544626831918176,
      "16": 0.0,
      "14": -0.10796058288883605,
      "3": 0.0,
      "12": -0.21079571317960233,
      "15": 0.0,
      "11": 0.0,
      "13": 0.0,
      "17": 0.008832780893057217,
      "18": 0.019438538138458902,
      "19": -0.09074422163412446,
      "20": -0.022583012715850354,
      "21": 0.03994834572461502,
      "22": 0.02702029946109514,
      "23": -0.043879786923743995,
      "24": -0.1075777412423236,
      "25": -0.051159792862895785,
      "26": 0.008846453465879263,
      "27": 0.02272250951073322,
      "28": 0.019787523297831518,
      "29": -0.14644955829806722,
      "30": -0.09002744370422776
    },
    "5": {
      "4": 0.0,
      "6": -0.09205800954201962,
      "8": -0.011544626831918176,
      "16": 0.0,
      "14": -0.10796058288883605,
      "3": 0.0,
      "12": -0.21079571317960233,
      "15": 0.01224352491742553,
      "11": 0.0,
      "13": 0.0,
      "17": 0.0,
      "18": 0.08647169447424408,
      "19": -0.09074422163412446,
      "20": -0.05397483910263577,
      "21": 0.03954838321560352,
      "22": 0.06723057601841981,
      "23": -0.037049876234198385,
      "24": -0.09663930654168913,
      "25": -0.07471040948236199,
      "26": -0.0008436579130457131,
      "27": 0.0,
      "28": 0.0350304176213662,
      "29": -0.18135626414650008,
      "30": -0.11224863726291823
    },
    "6": {
      "4": 0.0,
      "6": -0.09205800954201962,
      "8": 0.0,
      "16": 0.0,
      "14": -0.10796058288883605,
      "3": 0.0,
      "12": -0.21079571317960233,
      "15": 0.0,
      "11": 0.0,
      "13": 0.0,
      "17": 0.025753559701288026,
      "18": 0.0,
      "19": -0.08935122862505918,
      "20": -0.05397483910263577,
      "21": 0.03994834572461502,
      "22": 0.0,
      "23": -0.04043181257443032,
      "24": -0.06269748767939491,
      "25": -0.07471040948236199,
      "26": -0.005463516219352434,
      "27": 0.014929505488498446,
      "28": 0.0,
      "29": -0.18135626414650008,
      "30": -0.11224863726291823
    },
    "7": {
      "4": 0.0,
      "6": -0.09205800954201962,
      "8": -0.011544626831918176,
      "16": 0.0,
      "14": -0.10796058288883605,
      "3": 0.0,
      "12": -0.21079571317960233,
      "15": 0.01224352491742553,
      "11": 0.0,
      "13": 0.0,
      "17": 0.061169528411712776,
      "18": 0.035101029071904294,
      "19": -0.06411468391064151,
      "20": -0.04843550155790531,
      "21": 0.0,
      "22": 0.02702029946109514,
      "23": -0.05656743694954441,
      "24": -0.07272069850168718,
      "25": -0.06527724497828646,
      "26": 0.008846453465879263,
      "27": 0.007793004022234776,
      "28": 0.0,
      "29": -0.06682218508411726,
      "30": -0.11224863726291823
    },
    "8": {
      "4": 0.0,
      "6": -0.09205800954201962,
      "8": -0.011544626831918176,
      "16": 0.0,
      "14": -0.10796058288883605,
      "3": 0.015003941025047172,
      "12": -0.21079571317960233,
      "15": 0.01224352491742553,
      "11": 0.0,
      "13": 0.0,
      "17": 0.07809782609286443,
      "18": 0.0426992445934533,
      "19": -0.07274265477503991,
      "20": -0.01768184015262341,
      "21": 0.0373586885631929,
      "22": 0.03220961494289169,
      "23": -0.05318550060931247,
      "24": -0.1075777412423236,
      "25": -0.04687790733158472,
      "26": -0.005463516219352434,
      "27": 0.016472176429178295,
      "28": 0.03415888255125273,
      "29": -0.14252482425850738,
      "30": -0.11224863726291823
    },
    "9": {
      "4": 0.0,
      "6": -0.09205800954201962,
      "8": -0.011544626831918176,
      "16": 0.0,
      "14": -0.10796058288883605,
      "3": 0.0,
      "12": -0.21079571317960233,
      "15": 0.0,
      "11": 0.0,
      "13": 0.0,
      "17": 0.0,
      "18": 0.019438538138458902,
      "19": -0.09074422163412446,
      "20": -0.05397483910263577,
      "21": 0.0,
      "22": 0.0,
      "23": -0.027599770030958884,
      "24": -0.07604251443693424,
      "25": -0.07471040948236199,
      "26": -0.0008436579130457131,
      "27": 0.016472176429178295,
      "28": 0.044421460102333346,
      "29": -0.18135626414650008,
      "30": -0.11224863726291823
    }
  }
}