{"gsdtsr": {"0": {"5": -0.29955299381886735, "28": -0.008515799490323302, "55": 0.015206100759455813, "43": 0.0, "58": 0.02459237853280279, "54": 0.016889639187610526, "41": 0.01628467407725603, "14": -0.12030659110142422, "9": -0.11555749457014147, "34": 0.0, "19": 0.003497428324214677, "46": 0.0, "53": 0.02570586578703095, "35": 0.0, "39": 0.0, "56": 0.015009118572966914, "44": 0.0, "33": 0.057624466864362074, "38": 0.0, "31": -0.003646128552687237, "7": -0.1475677777253452, "4": -0.656092812137305, "11": -0.13024117019436954, "37": 0.07423140258285131, "15": -0.041068344340277285, "36": -0.041420488844810324, "8": -0.44070177407505484, "12": -0.17462796800142674, "29": -0.03744162613626126, "49": -0.0467020289522204, "17": 0.007933251159297803, "45": 0.0, "6": -0.2133261913239968, "10": -0.04210629899754348, "16": -0.03158054818914993, "59": 0.0, "18": -0.014767318224342766, "48": -0.06035327100538322, "60": 0.0, "47": 0.0, "22": -0.03439881495905195, "40": 0.0, "32": -0.008142525571245196, "13": -0.04658151587163578, "2": -0.662189507605671, "50": -0.0708089770362782, "42": 0.0, "57": 0.018114794843614244, "52": -0.043857370587050776, "51": -0.05844487677842856, "1": -1.351060086211676, "3": -0.7991019336855277, "61": 0.003985924588001427, "62": 0.0030000886837103797, "63": -0.002615747455599724, "64": 0.007633127843631168, "65": 0.012472479026479813, "66": -0.011505107114028083, "67": -0.010481575633844994, "68": -0.009221044154751487, "69": -0.009155618063881456, "70": -0.011867680046242824, "71": -0.014635015038983274, "72": -0.010995838934098655, "73": -0.008388949917279453, "74": 0.0, "75": -0.002780906305750447, "76": -0.00033855979319553724, "77": -0.0022415271528889768, "78": -0.015090574812235089, "79": -0.006145743366857047, "80": 0.009541168157172021, "81": 0.0014813622723306727, "82": -0.0031797855291713023, "83": -0.0039633111357305064, "84": -0.004896222042025024, "85": 0.004720092402630627, "86": 0.004195964724283704, "87": 0.007237067970939012}, "1": {"5": -0.29955299381886735, "28": 0.0, "55": 0.0036492422216990953, "43": 0.02780466235151967, "58": 0.00950735894738723, "54": 0.017273922140978417, "41": 0.0, "14": -0.12030659110142422, "9": -0.11555749457014147, "34": 0.0, "19": 0.00826338782240383, "46": 0.0, "53": 0.0, "35": 0.0, "39": 0.0, "56": 0.0, "44": 0.0, "33": 0.0, "38": 0.0, "31": -0.005027888508774205, "7": -0.1475677777253452, "4": -0.656092812137305, "11": -0.03428035900778525, "37": 0.0, "15": -0.041068344340277285, "36": -0.041420488844810324, "8": -0.44070177407505484, "12": -0.17462796800142674, "29": -0.02969898966429589, "49": -0.0467020289522204, "17": 0.006678042744904082, "45": 0.0, "6": -0.2133261913239968, "10": -0.04210629899754348, "16": -0.03158054818914993, "59": 0.0072958992524229434, "18": -0.014767318224342766, "48": -0.06035327100538322, "60": 0.0, "47": 0.0, "22": -0.03439881495905195, "40": 0.0, "32": -0.00505525241631963, "13": -0.04658151587163578, "2": -0.662189507605671, "50": -0.0708089770362782, "42": 0.0, "57": 0.0, "52": -0.043857370587050776, "51": -0.05844487677842856, "1": -1.351060086211676, "3": -0.7991019336855277, "61": 0.001654479752505688, "62": 0.003441578618581514, "63": 0.0015711710781554826, "64": 0.015384368131302253, "65": 0.006346817646920973, "66": -0.016731904729834005, "67": -0.008701549713979125, "68": -0.007976966732816532, "69": -0.008409303057360297, "70": -0.013013765103144618, "71": -0.006360075404186534, "72": -0.004497576883393169, "73": -0.009955189879789066, "74": -0.008457244425938346, "75": -0.0002557704847379258, "76": -0.00033855979319553724, "77": -0.0032405317222003395, "78": -0.015090574812235089, "79": -0.010662245903611839, "80": 0.005058028278934507, "81": 0.00554551438794206, "82": -0.0034997168891072444, "83": -0.00262541107254252, "84": -0.004758036889475941, "85": 0.009552095468333278, "86": 0.014278647316567932, "87": 0.011387328442246505}, "2": {"5": -0.29955299381886735, "28": -0.00890115948340612, "55": 0.01686622642131105, "43": 0.0, "58": 0.03306720140088176, "54": 0.015192045582429897, "41": 0.0, "14": -0.12030659110142422, "9": -0.09124570209272419, "34": 0.0, "19": 0.003497428324214677, "46": 0.0, "53": 0.029195269496914665, "35": 0.0, "39": 0.0, "56": 0.0, "44": 0.0, "33": 0.0, "38": 0.0, "31": -0.008789831640202547, "7": -0.1475677777253452, "4": -0.656092812137305, "11": -0.13024117019436954, "37": 0.0, "15": -0.041068344340277285, "36": -0.041420488844810324, "8": -0.44070177407505484, "12": -0.17462796800142674, "29": -0.03744162613626126, "49": -0.0467020289522204, "17": 0.01808220351058471, "45": 0.0, "6": -0.2133261913239968, "10": -0.04210629899754348, "16": -0.03158054818914993, "59": 0.0072958992524229434, "18": -0.016750553178834483, "48": -0.06035327100538322, "60": 0.0, "47": 0.0, "22": 0.0, "40": 0.0, "32": -0.007247906422307806, "13": -0.04658151587163578, "2": -0.662189507605671, "50": -0.0708089770362782, "42": 0.0, "57": 0.0, "52": -0.043857370587050776, "51": -0.05844487677842856, "1": -1.351060086211676, "3": -0.7991019336855277, "61": 0.0006270887469987808, "62": 0.002798302713713771, "63": -0.0016601201771501957, "64": 0.006154945401936643, "65": 0.02213117380874605, "66": -0.011088756787736931, "67": -0.008870876858044458, "68": -0.0018691087151291854, "69": -0.011347316806530786, "70": -0.012785189292641365, "71": -0.01679035211919693, "72": -0.009270892869549265, "73": -0.005452897670565822, "74": -0.008457244425938346, "75": -0.00024768320949096825, "76": 0.00012995738380762283, "77": -6.014134675176651e-05, "78": -0.013892194991237757, "79": -0.009763745311314671, "80": 0.004856753927817498, "81": 0.0023307661253114103, "82": -0.0023907765911310355, "83": -0.002536853805469196, "84": -0.004037834434311214, "85": 0.014259247437630122, "86": 0.01752465265981102, "87": 0.015545416099266487}, "3": {"5": -0.29955299381886735, "28": -0.008515799490323302, "55": 0.011556858537756717, "43": 0.0, "58": 0.0, "54": 0.004626640068408842, "41": 0.0, "14": -0.12030659110142422, "9": -0.11555749457014147, "34": 0.0, "19": 0.001981902083344031, "46": 0.0, "53": 0.01416730733369284, "35": 0.0, "39": 0.0, "56": 0.0, "44": 0.0, "33": 0.0, "38": 0.0, "31": -0.008674017061461443, "7": -0.1475677777253452, "4": -0.656092812137305, "11": -0.13024117019436954, "37": 0.0, "15": -0.041068344340277285, "36": 0.0, "8": -0.44070177407505484, "12": -0.17462796800142674, "29": -0.03744162613626126, "49": -0.0467020289522204, "17": 0.007178891866754321, "45": 0.012353456197011075, "6": -0.2133261913239968, "10": -0.04210629899754348, "16": -0.03158054818914993, "59": 0.0, "18": -0.001983234954491717, "48": -0.06035327100538322, "60": 0.0, "47": 0.0, "22": -0.03439881495905195, "40": 0.0, "32": -0.008568057469765248, "13": -0.04658151587163578, "2": -0.662189507605671, "50": -0.0708089770362782, "42": 0.0, "57": 0.0, "52": -0.043857370587050776, "51": -0.05844487677842856, "1": -1.351060086211676, "3": -0.7991019336855277, "61": 0.004281299194651918, "62": 0.003283476824687149, "63": -0.0019783294526538367, "64": 0.010462283848334296, "65": 0.023193233104171596, "66": -0.019865803069078234, "67": -0.0057785797057660045, "68": -0.0037575281697596265, "69": -0.017882110117055823, "70": -0.011579590952595068, "71": -0.01476287280984482, "72": -0.014076323074474779, "73": -0.01830221594628449, "74": -0.006467947141456949, "75": -0.0025078613508212376, "76": -0.0007050479711374514, "77": -0.0025072487075778038, "78": -0.005798701678346155, "79": -0.010662245903611839, "80": 0.013333586558635232, "81": 0.00603903161988016, "82": -0.003950503273345813, "83": -0.0020145291446910492, "84": -0.00242116213695159, "85": 0.009484351337254468, "86": 0.018112905870759272, "87": 0.007464318847401061}, "4": {"5": -0.29955299381886735, "28": -0.01741695897372942, "55": 0.010231941062720355, "43": 0.0, "58": 0.00950735894738723, "54": 0.006324233673589472, "41": 0.02319539263050819, "14": -0.12030659110142422, "9": -0.11555749457014147, "34": 0.0,