{"gsdtsr": {"0": {"5": -0.29955299381886735, "28": -0.01741695897372942, "55": 0.010231941062720355, "43": 0.0287791405414662, "58": 0.009766212168488317, "54": 0.010950873741998313, "41": 0.0, "14": -0.12030659110142422, "9": -0.08038069496729836, "34": 0.0, "19": 0.007797011979930445, "46": 0.0, "53": 0.03960223441805789, "35": 0.0, "39": 0.0, "56": 0.0, "44": 0.0, "33": 0.057624466864362074, "38": 0.0, "31": -0.0037619431314283415, "7": -0.1475677777253452, "4": -0.656092812137305, "11": -0.13024117019436954, "37": 0.0, "15": -0.041068344340277285, "36": -0.041420488844810324, "8": -0.44070177407505484, "12": -0.054035072641857355, "29": -0.03744162613626126, "49": -0.046702028952220406, "17": 0.008299222051612275, "45": 0.0, "6": -0.2133261913239968, "10": -0.04210629899754348, "16": -0.03158054818914993, "59": 0.0, "18": -0.014767318224342766, "48": -0.06035327100538322, "60": 0.0, "47": 0.02518290475515211, "22": -0.014810965519601198, "40": 0.0, "32": -0.0017871812881137998, "13": -0.04658151587163578, "2": -0.662189507605671, "50": -0.0708089770362782, "42": 0.0, "57": 0.01913142488303443, "52": -0.043857370587050776, "51": -0.05844487677842856, "1": -1.351060086211676, "3": -0.7991019336855277, "61": 0.0019882141480021273, "62": 2.9423991767474345e-05, "63": -0.0019783294526538367, "64": 0.012702788455027442, "65": 0.00612566137955884, "66": -0.011048604781095817, "67": -0.0019829251558869014, "68": -0.005070008165527115, "69": -0.009009389736781535, "70": -0.008689751904305586, "71": -0.012678922650432104, "72": -0.008144600461275974, "73": -0.00544034165310865, "74": -0.004695973346592409, "75": -3.8390434963072196e-05, "76": 0.00015830630270816885, "77": -0.0002749420972401721, "78": -0.009291873133888934, "79": -0.008500407919799668, "80": 0.007288396080500565, "81": 0.004469491842612135, "82": -0.0027598024014629675, "83": -0.00020074090680021698, "84": -0.003241202806423532, "85": 0.009729229575875716, "86": 0.009515802071820482, "87": 0.008803870022086708}, "1": {"5": -0.29955299381886735, "28": -0.01741695897372942, "55": 0.018139557378777975, "43": 0.0287791405414662, "58": 0.0, "54": 0.03203110853790778, "41": 0.0, "14": -0.12030659110142422, "9": -0.11555749457014147, "34": 0.0, "19": 0.01160910480742273, "46": 0.02017842496462996, "53": 0.015027962163221824, "35": 0.0, "39": 0.028874577989676846, "56": 0.0, "44": 0.0, "33": 0.0, "38": 0.06930070366826023, "31": -0.012435960192889783, "7": -0.1475677777253452, "4": -0.656092812137305, "11": -0.13024117019436954, "37": 0.0, "15": -0.041068344340277285, "36": -0.041420488844810324, "8": -0.44070177407505484, "12": -0.17462796800142674, "29": 0.0, "49": -0.046702028952220406, "17": 0.022292553193606145, "45": 0.0, "6": -0.2133261913239968, "10": -0.01859510305260911, "16": -0.03158054818914993, "59": 0.0072958992524229434, "18": -0.014767318224342766, "48": -0.06035327100538322, "60": 0.0, "47": 0.0, "22": -0.03439881495905195, "40": 0.0, "32": -0.013753626936547528, "13": -0.04658151587163578, "2": -0.662189507605671, "50": -0.0708089770362782, "42": 0.0, "57": 0.01913142488303443, "52": -0.043857370587050776, "51": -0.05844487677842856, "1": -1.351060086211676, "3": -0.7991019336855277, "61": 0.0014415390300752857, "62": 0.0012965315893214446, "63": 0.00020963267683803046, "64": 0.013757135062224857, "65": 0.012208376377925512, "66": -0.013507824776760841, "67": -0.006002745264499547, "68": -0.007876670906021805, "69": -0.011810261623067031, "70": -0.0026183854142506477, "71": -0.021026352513154517, "72": -0.008106916004569177, "73": -0.010936023214953862, "74": -0.0017076704903956417, "75": -0.0027722690706548036, "76": 0.00012995738380762283, "77": -0.0010082251118627083, "78": -0.013892194991237757, "79": -0.008307581350669217, "80": 0.014635577484208252, "81": 0.009357642785584142, "82": -0.004726735677656326, "83": -0.0031168357964303037, "84": -0.0037619687724312046, "85": 0.014337056817874413, "86": 0.018190855291370035, "87": 0.008803870022086708}, "2": {"5": -0.29955299381886735, "28": -0.008515799490323302, "55": 0.010867999105857576, "43": 0.0, "58": 0.0, "54": 0.015576328535797788, "41": 0.0, "14": -0.12030659110142422, "9": -0.11555749457014147, "34": 0.0, "19": 0.0057461541577127325, "46": 0.0, "53": 0.015027962163221824, "35": 0.0, "39": 0.0, "56": 0.07293042252913744, "44": 0.0, "33": 0.0, "38": 0.0, "31": -0.007549438397936361, "7": -0.1475677777253452, "4": -0.656092812137305, "11": -0.13024117019436954, "37": 0.0, "15": -0.041068344340277285, "36": 0.0, "8": -0.44070177407505484, "12": -0.17462796800142674, "29": -0.03744162613626126, "49": -0.046702028952220406, "17": 0.014611293904201886, "45": 0.0, "6": -0.2133261913239968, "10": -0.04210629899754348, "16": -0.03158054818914993, "59": 0.0072958992524229434, "18": -0.008451832437390025, "48": -0.06035327100538322, "60": 0.0, "47": 0.0, "22": -0.03439881495905195, "40": 0.0, "32": -0.003085216145164585, "13": -0.04658151587163578, "2": -0.662189507605671, "50": -0.0708089770362782, "42": 0.0, "57": 0.032627566832812316, "52": -0.043857370587050776, "51": -0.05844487677842856, "1": -1.351060086211676, "3": -0.7991019336855277, "61": 0.0028026644310786323, "62": 0.0024105990776793177, "63": 0.00014866726210115665, "64": 0.023748879956589086, "65": 0.011206012993608218, "66": -0.01341522458628996, "67": -0.008156876761237386, "68": -0.014052931497541683, "69": -0.008819517489838807, "70": -0.01746203706901774, "71": -0.021043821666192473, "72": -0.004735631529449297, "73": -0.008259198576959458, "74": -0.008457244425938346, "75": 0.0, "76": 0.0005250083846678037, "77": -0.0031896109179999185, "78": -0.013892194991237757, "79": -0.010662245903611839, "80": 0.005035284034653978, "81": 0.004557669347549487, "82": -0.001277976105925485, "83": -0.0008773699883032796, "84": -0.005473478918339578, "85": 0.009552095468333278, "86": 0.018190855291370035, "87": 0.003930836780557931}, "3": {"5": -0.29955299381886735, "28": -0.01741695897372942, "55": 0.0012733309574669265, "43": 0.0, "58": 0.042574560348268994, "54": 0.010565405514021055, "41": 0.039480066707764216, "14": -0.12030659110142422, "9": -0.11555749457014147, "34": 0.0, "19": 0.00848906031462501, "46": 0.0, "53": 0.0, "35": 0.0, "39": 0.0, "56": 0.0, "44": 0.0, "33": 0.0, "38": 0.0, "31": -0.008674017061461443, "7": -0.1475677777253452, "4": -0.656092812137305, "11": -0.13024117019436954, "37": 0.0, "15": -0.041068344340277285, "36": -0.041420488844810324, "8": -0.3498133289616931, "12": -0.17462796800142674, "29": -0.02969898966429589, "49": -0.046702028952220406, "17": 0.0, "45": 0.0, "6": -0.2133261913239968, "10": -0.01859510305260911, "16": -0.03158054818914993, "59": 0.0, "18": -0.016750553178834483, "48": -0.06035327100538322, "60": 0.0, "47": 0.0, "22": -0.03439881495905195, "40": 0.0, "32": -0.006375403463777071, "13": -0.04658151587163578, "2": -0.662189507605671, "50": -0.0708089770362782, "42": 0.0, "57": 0.0, "52": -0.043857370587050776, "51": -0.05844487677842856, "1": -1.351060086211676, "3": -0.7991019336855277, "61": 0.001359105145855197, "62": 0.0020163692271331786, "63": -0.0016601201771501957, "64": 0.004873295495391429, "65": 0.00929035373505431, "66": -0.011315935071101554, "67": -0.008924475040908231, "68": -0.009745779621150991, "69": -0.013262505196245302, "70": -0.009398939489650319, "71": -0.012622605257960462, "72": -0.014076323074474779, "73": -0.015611424167972178, "74": 0.0, "75": -0.00020929277452789432, "76": -0.0012302702598229757, "77": -0.0025581695117782247, "78": -0.010718204236391702, "79": -0.009763745311314671, "80": 0.010093312313588483, "81": 0.004888150942972007, "82": -0.0007285028855845402, "83": -0.004607759462014786, "84": -0.0025257607775598947, "85": 0.009372086176622538, "86": 0.004195964724283704, "87": 0.01604093799302572}, "4": {"5": -0.29955299381886735, "28": -0.00890115948340612, "55": 0.006582698841021259, "43": 0.0, "58": 0.02800724720505561, "54": 0.0, "41": 0.0, "14": -0.12030659110142422,