{
  "paintcontrol": {
    "0": {
      "4": 0.0,
      "6": -0.09205800954201962,
      "8": -0.011544626831918176,
      "16": 0.0,
      "14": -0.10796058288883605,
      "3": 0.0,
      "12": -0.21079571317960233,
      "15": 0.01224352491742553,
      "11": 0.0,
      "13": 0.0,
      "17": 0.03565569452450347,
      "18": 0.07138622899721878,
      "19": -0.08935122862505918,
      "20": -0.05397483910263577,
      "21": 0.0,
      "22": 0.0,
      "23": -0.05656743694954441,
      "24": -0.10044761592438282,
      "25": -0.07471040948236199,
      "26": -0.0008436579130457131,
      "27": 0.0,
      "28": 0.023762401734388358,
      "29": -0.18135626414650008,
      "30": -0.08873184332766967
    },
    "1": {
      "4": 0.0,
      "6": -0.09205800954201962,
      "8": -0.011544626831918176,
      "16": 0.0,
      "14": -0.10796058288883605,
      "3": 0.015003941025047172,
      "12": -0.21079571317960233,
      "15": 0.0,
      "11": 0.0,
      "13": 0.004003613845907583,
      "17": 0.0,
      "18": 0.03452400361548421,
      "19": -0.08935122862505918,
      "20": -0.04026485286847377,
      "21": 0.0,
      "22": 0.0,
      "23": 0.0038354145063801207,
      "24": -0.10376943185962989,
      "25": -0.07471040948236199,
      "26": -0.005463516219352434,
      "27": 0.0015426709406798494,
      "28": 0.0,
      "29": -0.13970486637563495,
      "30": -0.11224863726291823
    },
    "2": {
      "4": 0.0,
      "6": -0.09205800954201962,
      "8": -0.011544626831918176,
      "16": 0.0,
      "14": -0.10796058288883605,
      "3": 0.0,
      "12": -0.21079571317960233,
      "15": 0.0,
      "11": 0.0,
      "13": 0.004003613845907583,
      "17": 0.008832780893057217,
      "18": 0.0,
      "19": -0.07318569145879363,
      "20": -0.05397483910263577,
      "21": 0.0,
      "22": 0.0,
      "23": -0.05318550060931247,
      "24": -0.09663930654168913,
      "25": -0.02783250215077726,
      "26": -0.005463516219352434,
      "27": 0.0015426709406798494,
      "28": 0.0,
      "29": -0.18135626414650008,
      "30": -0.07155072053054938
    },
    "3": {
      "4": 0.0,
      "6": -0.09205800954201962,
      "8": -0.011544626831918176,
      "16": 0.0,
      "14": -0.10796058288883605,
      "3": 0.0,
      "12": -0.21079571317960233,
      "15": 0.0,
      "11": 0.0,
      "13": 0.0,
      "17": 0.0,
      "18": 0.015494304057837575,
      "19": -0.07179269844972834,
      "20": -0.05397483910263577,
      "21": 0.0,
      "22": 0.0,
      "23": -0.0497375262599988,
      "24": -0.1075777412423236,
      "25": -0.07471040948236199,
      "26": 0.027253112481854955,
      "27": 0.0,
      "28": 0.019787523297831518,
      "29": -0.18135626414650008,
      "30": -0.06421471066761741
    },
    "4": {
      "4": 0.0,
      "6": -0.09205800954201962,
      "8": -0.011544626831918176,
      "16": 0.0,
      "14": -0.10796058288883605,
      "3": 0.0,
      "12": -0.21079571317960233,
      "15": 0.0,
      "11": 0.0,
      "13": 0.004003613845907583,
      "17": 0.03565569452450347,
      "18": 0.0,
      "19": -0.09074422163412446,
      "20": -0.05397483910263577,
      "21": 0.0,
      "22": 0.0356926885995041,
      "23": -0.045968149762700417,
      "24": -0.10376943185962989,
      "25": -0.07471040948236199,
      "26": 0.027253112481854955,
      "27": 0.006250333081554926,
      "28": 0.0,
      "29": -0.18135626414650008,
      "30": -0.04803392659530082
    },
    "5": {
      "4": 0.0,
      "6": -0.09205800954201962,
      "8": -0.011544626831918176,
      "16": 0.0,
      "14": -0.10796058288883605,
      "3": 0.0,
      "12": -0.21079571317960233,
      "15": 0.0,
      "11": 0.0,
      "13": 0.004003613845907583,
      "17": 0.14212378512524132,
      "18": 0.06149554624267957,
      "19": -0.09074422163412446,
      "20": -0.05397483910263577,
      "21": 0.03607131518821466,
      "22": 0.0,
      "23": -0.045968149762700417,
      "24": -0.07641548036831802,
      "25": -0.06527724497828646,
      "26": 0.03694322386077993,
      "27": 0.023646514370486614,
      "28": 0.05481794091919772,
      "29": -0.18135626414650008,
      "30": -0.11224863726291823
    },
    "6": {
      "4": 0.0,
      "6": -0.09205800954201962,
      "8": -0.011544626831918176,
      "16": 0.0,
      "14": -0.10796058288883605,
      "3": 0.0,
      "12": -0.21079571317960233,
      "15": 0.0,
      "11": 0.0,
      "13": 0.0,
      "17": 0.0,
      "18": 0.0,
      "19": -0.09074422163412446,
      "20": -0.03629299895001237,
      "21": 0.0,
      "22": 0.0,
      "23": -0.04043181257443032,
      "24": -0.1075777412423236,
      "25": -0.07471040948236199,
      "26": 0.008846453465879263,
      "27": 0.0,
      "28": 0.0,
      "29": -0.18135626414650008,
      "30": -0.11224863726291823
    },
    "7": {
      "4": 0.0,
      "6": -0.09205800954201962,
      "8": -0.011544626831918176,
      "16": 0.0,
      "14": -0.10796058288883605,
      "3": 0.0,
      "12": -0.21079571317960233,
      "15": 0.0,
      "11": 0.0,
      "13": 0.004003613845907583,
      "17": 0.034354133653187374,
      "18": 0.08093408438113847,
      "19": -0.09074422163412446,
      "20": -0.05397483910263577,
      "21": 0.03461692606929597,
      "22": 0.0,
      "23": -0.05311946260023073,
      "24": -0.10376943185962989,
      "25": -0.07471040948236199,
      "26": -0.0008436579130457131,
      "27": 0.02989684745204154,
      "28": 0.0,
      "29": -0.18135626414650008,
      "30": -0.11224863726291823
    },
    "8": {
      "4": 0.0,
      "6": -0.09205800954201962,
      "8": -0.011544626831918176,
      "16": 0.0,
      "14": -0.10796058288883605,
      "3": 0.0,
      "12": -0.21079571317960233,
      "15": 0.0,
      "11": 0.0,
      "13": 0.0,
      "17": 0.0,
      "18": 0.05836173552689869,
      "19": -0.08935122862505918,
      "20": -0.0347255153237433,
      "21": 0.0,
      "22": 0.0,
      "23": -0.021684278062891728,
      "24": -0.10376943185962989,
      "25": -0.04687790733158472,
      "26": -0.005463516219352434,
      "27": 0.0015426709406798494,
      "28": 0.05481794091919772,
      "29": -0.14252482425850738,
      "30": -0.11224863726291823
    },
    "9": {
      "4": 0.0,
      "6": -0.09205800954201962,
      "8": -0.011544626831918176,
      "16": 0.0,
      "14": -0.10796058288883605,
      "3": 0.015003941025047172,
      "12": -0.21079571317960233,
      "15": 0.0,
      "11": 0.0,
      "13": 0.004003613845907583,
      "17": 0.0,
      "18": 0.0,
      "19": -0.07134966176597463,
      "20": -0.03629299895001237,
      "21": 0.0,
      "22": 0.04593497149801304,
      "23": -0.045968149762700417,
      "24": -0.09663930654168913,
      "25": -0.07471040948236199,
      "26": 0.03694322386077993,
      "27": 0.029000659432449463,
      "28": 0.06812453055121312,
      "29": -0.18135626414650008,
      "30": -0.11224863726291823
    }
  }
}