,best_itr,best_fval,best_solution,total_qaoa,total_impact,total_exe,execution_times,final_test_suite_costs,final_failure_rates
0,10,0.1432881845044049,"[0, 0, 0, 0, 0, 0, 0, 0, 1, 0, 0, 1, 1, 1, 0, 0, 0, 0, 1, 1, 1, 0, 0, 0, 1, 0, 1, 0, 1, 0, 0, 0, 0, 0, 0, 0, 0, 0, 0, 0, 0, 0, 0, 1, 0, 1, 0, 0, 0, 0, 0, 0, 0, 0, 0, 0, 0, 0, 1, 1, 1, 0, 1, 0, 1, 0, 1, 1, 0, 1, 1, 0, 1, 0, 1, 1, 1, 1, 1, 1, 1, 0, 0, 0, 1, 0, 1, 0, 0]",159.55708479881287,0.007039070129394531,159.62754464149475,"[19.952641487121582, 16.285038709640503, 15.244256734848022, 14.583458662033081, 15.335611343383789, 15.010958194732666, 15.97739577293396, 14.627710342407227, 16.894585371017456, 15.652467250823975]","[1084493.0, 1103224.0, 876245.0, 770505.0, 668947.0, 625814.0, 606141.0, 794119.0, 749241.0, 684549.0]","[9.242973550982235, 10.720111134934747, 9.851384438285699, 9.337511639759867, 9.043212383703427, 9.006886507236526, 9.116793220471413, 10.8700637954192, 10.591582782760973, 10.024383388157277]"
